service pair,SIP
01ceae3977254563a290c52b868f3d6c <-> 4450ad47454540ceacf0a12019624304,0.0
21b882e8509446a99784383db18b7a2b <-> 83e5b60efe91477fa5f767cdf30c4c01,0.0
f2a0d8446e714e19aa12a11e4d527880 <-> b7f15166066f497eba790e96680de68e,0.0
4ad89a85e6df4c68b5895450f7bd2686 <-> 2a27a97bf6b948f4b02f8c278335e6f4,0.0
01ceae3977254563a290c52b868f3d6c <-> 23c23190cd4a4226a647a2f53b6ae45d,0.0
558ad86b82ac47818878f0a45f0fb642 <-> 4d0289dd2d874c19b25af4c021ed65a6,0.0
0b5a4c6356954095b88c0dcc15dc5c5f <-> da489fae8b0e4b97bcc05a002a69b0d7,0.0
c44ee1d61c294b4e857d27b94c3942e5 <-> a4155b0dd30c4452b9b1ede892030cac,0.0
0b5a4c6356954095b88c0dcc15dc5c5f <-> c44ee1d61c294b4e857d27b94c3942e5,0.0
5b8c9002a87349738e8d3ec30cbcf79c <-> 83e5b60efe91477fa5f767cdf30c4c01,0.0
d566f7d556384bbab22b1d0c564f51e0 <-> b7f15166066f497eba790e96680de68e,0.0
d566f7d556384bbab22b1d0c564f51e0 <-> 4ad89a85e6df4c68b5895450f7bd2686,0.0
86141c6c1ca0424199a2b99139be183b <-> c86459218daa44bfa45826ed2fbb42d9,0.0
8caf6439fadc4336881e80b5a0c25c7e <-> 41f52d577cbb4fc095b1e3d0027dcab5,0.0
7448396e800b48649223d2e4798e03e6 <-> f67d4ca6504f4335880b3085f6d0b146,0.0
e0e337cb216f4737aaab72d03b2bcfc2 <-> c92b371311024807b0e94bd8ebc14a9f,0.0
423d8562e18e4da8b8bc44a817e759c2 <-> 83e5b60efe91477fa5f767cdf30c4c01,0.0
0b5a4c6356954095b88c0dcc15dc5c5f <-> 423d8562e18e4da8b8bc44a817e759c2,0.0
21b882e8509446a99784383db18b7a2b <-> 1a7d6dc174ad45469048cbd580c67e36,0.0
0b5a4c6356954095b88c0dcc15dc5c5f <-> cc0f327c8e504e4a9c5aaff0c0652d71,0.0
d24d0dc9413b4dd290e6756f27b8a2a0 <-> 83e5b60efe91477fa5f767cdf30c4c01,0.0
423d8562e18e4da8b8bc44a817e759c2 <-> c44ee1d61c294b4e857d27b94c3942e5,0.0
e0e337cb216f4737aaab72d03b2bcfc2 <-> fe0b5dfab9db4a25b6deddff43e379a0,0.0
e0e337cb216f4737aaab72d03b2bcfc2 <-> 62830a3beec94e329815936d245b2fe5,0.0
7448396e800b48649223d2e4798e03e6 <-> 4d0289dd2d874c19b25af4c021ed65a6,0.0
01ceae3977254563a290c52b868f3d6c <-> c86459218daa44bfa45826ed2fbb42d9,0.0
c92b371311024807b0e94bd8ebc14a9f <-> d24d0dc9413b4dd290e6756f27b8a2a0,0.0
d24d0dc9413b4dd290e6756f27b8a2a0 <-> f67d4ca6504f4335880b3085f6d0b146,0.0
4921524b856743e7a2c59c048cbca69d <-> 83e5b60efe91477fa5f767cdf30c4c01,0.0
0b5a4c6356954095b88c0dcc15dc5c5f <-> 4ad89a85e6df4c68b5895450f7bd2686,0.0
62830a3beec94e329815936d245b2fe5 <-> 423b36c01e15449889aefcb350fc9293,0.0
d566f7d556384bbab22b1d0c564f51e0 <-> 0af303ca12f74cffb704f28d649ecb48,0.0
506b7918bbe84430b9dd21ddf446aa32 <-> 86141c6c1ca0424199a2b99139be183b,0.0
d24d0dc9413b4dd290e6756f27b8a2a0 <-> b7f15166066f497eba790e96680de68e,0.0
62830a3beec94e329815936d245b2fe5 <-> b7f15166066f497eba790e96680de68e,0.0
e0e337cb216f4737aaab72d03b2bcfc2 <-> 4921524b856743e7a2c59c048cbca69d,0.0
fe0b5dfab9db4a25b6deddff43e379a0 <-> cc0f327c8e504e4a9c5aaff0c0652d71,0.0
01ceae3977254563a290c52b868f3d6c <-> 423b36c01e15449889aefcb350fc9293,0.0
01ceae3977254563a290c52b868f3d6c <-> b0ee407dad4248bf90947f496fac7732,0.0
d566f7d556384bbab22b1d0c564f51e0 <-> 21b882e8509446a99784383db18b7a2b,0.0
c92b371311024807b0e94bd8ebc14a9f <-> f2a0d8446e714e19aa12a11e4d527880,0.0
41f52d577cbb4fc095b1e3d0027dcab5 <-> 0af303ca12f74cffb704f28d649ecb48,0.0
558ad86b82ac47818878f0a45f0fb642 <-> cc0f327c8e504e4a9c5aaff0c0652d71,0.0
1a7d6dc174ad45469048cbd580c67e36 <-> a4155b0dd30c4452b9b1ede892030cac,0.0
7448396e800b48649223d2e4798e03e6 <-> cc0f327c8e504e4a9c5aaff0c0652d71,0.0
12867b57696747a5bbe84751650fba14 <-> da489fae8b0e4b97bcc05a002a69b0d7,0.0
8caf6439fadc4336881e80b5a0c25c7e <-> f67d4ca6504f4335880b3085f6d0b146,0.0
0b5a4c6356954095b88c0dcc15dc5c5f <-> 2a27a97bf6b948f4b02f8c278335e6f4,0.0
bb305c4c16f9462ca078ef7d25cd9aa9 <-> 15673e2d9ef5406f9b18eae317e89913,0.0
8caf6439fadc4336881e80b5a0c25c7e <-> 7448396e800b48649223d2e4798e03e6,0.0
d566f7d556384bbab22b1d0c564f51e0 <-> 4450ad47454540ceacf0a12019624304,0.0
d24d0dc9413b4dd290e6756f27b8a2a0 <-> 15673e2d9ef5406f9b18eae317e89913,0.0
4450ad47454540ceacf0a12019624304 <-> a4155b0dd30c4452b9b1ede892030cac,0.0
5b8c9002a87349738e8d3ec30cbcf79c <-> 423b36c01e15449889aefcb350fc9293,0.0
da489fae8b0e4b97bcc05a002a69b0d7 <-> c44ee1d61c294b4e857d27b94c3942e5,0.0
0b5a4c6356954095b88c0dcc15dc5c5f <-> 7448396e800b48649223d2e4798e03e6,0.0
b91ccfa6aecb40e99b36fe9f0b999fd6 <-> 4d0289dd2d874c19b25af4c021ed65a6,0.0
d566f7d556384bbab22b1d0c564f51e0 <-> 86141c6c1ca0424199a2b99139be183b,0.0
83e5b60efe91477fa5f767cdf30c4c01 <-> 2a27a97bf6b948f4b02f8c278335e6f4,0.0
90133ae2cd594306be2dd7e8366a98a9 <-> c86459218daa44bfa45826ed2fbb42d9,0.0
4921524b856743e7a2c59c048cbca69d <-> 2a27a97bf6b948f4b02f8c278335e6f4,0.0
506b7918bbe84430b9dd21ddf446aa32 <-> e0e337cb216f4737aaab72d03b2bcfc2,0.0
423d8562e18e4da8b8bc44a817e759c2 <-> 46484f943b9840568639b5c11cd9c082,0.0
8caf6439fadc4336881e80b5a0c25c7e <-> 423b36c01e15449889aefcb350fc9293,0.0
0a29a293ae7f43e6a5678bfe2a6274ad <-> e0e337cb216f4737aaab72d03b2bcfc2,0.0
1a7d6dc174ad45469048cbd580c67e36 <-> 4450ad47454540ceacf0a12019624304,0.0
4450ad47454540ceacf0a12019624304 <-> 0dd6fef1d1284f8f90eb482354f6ed97,0.0
c44ee1d61c294b4e857d27b94c3942e5 <-> 0dd6fef1d1284f8f90eb482354f6ed97,0.0
4450ad47454540ceacf0a12019624304 <-> b7f15166066f497eba790e96680de68e,0.0
01ceae3977254563a290c52b868f3d6c <-> 0b5a4c6356954095b88c0dcc15dc5c5f,0.0
c44ee1d61c294b4e857d27b94c3942e5 <-> 62830a3beec94e329815936d245b2fe5,0.0
8caf6439fadc4336881e80b5a0c25c7e <-> 46484f943b9840568639b5c11cd9c082,0.0
e0e337cb216f4737aaab72d03b2bcfc2 <-> 7448396e800b48649223d2e4798e03e6,0.0
e0e337cb216f4737aaab72d03b2bcfc2 <-> 41f52d577cbb4fc095b1e3d0027dcab5,0.0
12867b57696747a5bbe84751650fba14 <-> b0ee407dad4248bf90947f496fac7732,0.0
0b5a4c6356954095b88c0dcc15dc5c5f <-> c92b371311024807b0e94bd8ebc14a9f,0.0
d566f7d556384bbab22b1d0c564f51e0 <-> 2a27a97bf6b948f4b02f8c278335e6f4,0.0
c44ee1d61c294b4e857d27b94c3942e5 <-> 4450ad47454540ceacf0a12019624304,0.0
46484f943b9840568639b5c11cd9c082 <-> 0af303ca12f74cffb704f28d649ecb48,0.0
da489fae8b0e4b97bcc05a002a69b0d7 <-> 4d0289dd2d874c19b25af4c021ed65a6,0.0
e0e337cb216f4737aaab72d03b2bcfc2 <-> 0dd6fef1d1284f8f90eb482354f6ed97,0.0
12867b57696747a5bbe84751650fba14 <-> b91ccfa6aecb40e99b36fe9f0b999fd6,0.0
da489fae8b0e4b97bcc05a002a69b0d7 <-> 4921524b856743e7a2c59c048cbca69d,0.0
c92b371311024807b0e94bd8ebc14a9f <-> 0dd6fef1d1284f8f90eb482354f6ed97,0.0
46484f943b9840568639b5c11cd9c082 <-> 1a7d6dc174ad45469048cbd580c67e36,0.0
46484f943b9840568639b5c11cd9c082 <-> d24d0dc9413b4dd290e6756f27b8a2a0,0.0
b91ccfa6aecb40e99b36fe9f0b999fd6 <-> 46484f943b9840568639b5c11cd9c082,0.0
506b7918bbe84430b9dd21ddf446aa32 <-> b91ccfa6aecb40e99b36fe9f0b999fd6,0.0
b91ccfa6aecb40e99b36fe9f0b999fd6 <-> e0e337cb216f4737aaab72d03b2bcfc2,0.0
8caf6439fadc4336881e80b5a0c25c7e <-> da489fae8b0e4b97bcc05a002a69b0d7,0.0
46484f943b9840568639b5c11cd9c082 <-> e0e337cb216f4737aaab72d03b2bcfc2,0.0
d566f7d556384bbab22b1d0c564f51e0 <-> 46484f943b9840568639b5c11cd9c082,0.0
b0ee407dad4248bf90947f496fac7732 <-> cc0f327c8e504e4a9c5aaff0c0652d71,0.0
da489fae8b0e4b97bcc05a002a69b0d7 <-> a4155b0dd30c4452b9b1ede892030cac,0.0
d24d0dc9413b4dd290e6756f27b8a2a0 <-> 5b8c9002a87349738e8d3ec30cbcf79c,0.0
46484f943b9840568639b5c11cd9c082 <-> 4921524b856743e7a2c59c048cbca69d,0.0
506b7918bbe84430b9dd21ddf446aa32 <-> 423b36c01e15449889aefcb350fc9293,0.0
506b7918bbe84430b9dd21ddf446aa32 <-> 4450ad47454540ceacf0a12019624304,0.0
21b882e8509446a99784383db18b7a2b <-> e0e337cb216f4737aaab72d03b2bcfc2,0.0
12867b57696747a5bbe84751650fba14 <-> 23c23190cd4a4226a647a2f53b6ae45d,0.0
c44ee1d61c294b4e857d27b94c3942e5 <-> 2a27a97bf6b948f4b02f8c278335e6f4,0.0
506b7918bbe84430b9dd21ddf446aa32 <-> 41f52d577cbb4fc095b1e3d0027dcab5,0.0
0b5a4c6356954095b88c0dcc15dc5c5f <-> bb305c4c16f9462ca078ef7d25cd9aa9,0.0
e0e337cb216f4737aaab72d03b2bcfc2 <-> 2a27a97bf6b948f4b02f8c278335e6f4,0.0
da489fae8b0e4b97bcc05a002a69b0d7 <-> 62830a3beec94e329815936d245b2fe5,0.0
bb305c4c16f9462ca078ef7d25cd9aa9 <-> 4d0289dd2d874c19b25af4c021ed65a6,0.0
a4155b0dd30c4452b9b1ede892030cac <-> 15673e2d9ef5406f9b18eae317e89913,0.0
21b882e8509446a99784383db18b7a2b <-> 4ad89a85e6df4c68b5895450f7bd2686,0.0
23c23190cd4a4226a647a2f53b6ae45d <-> 558ad86b82ac47818878f0a45f0fb642,0.0
12867b57696747a5bbe84751650fba14 <-> 46484f943b9840568639b5c11cd9c082,0.0
d24d0dc9413b4dd290e6756f27b8a2a0 <-> a4155b0dd30c4452b9b1ede892030cac,0.0
0b5a4c6356954095b88c0dcc15dc5c5f <-> 558ad86b82ac47818878f0a45f0fb642,0.0
0b5a4c6356954095b88c0dcc15dc5c5f <-> 4450ad47454540ceacf0a12019624304,0.0
86141c6c1ca0424199a2b99139be183b <-> 41f52d577cbb4fc095b1e3d0027dcab5,0.0
4d0289dd2d874c19b25af4c021ed65a6 <-> a4155b0dd30c4452b9b1ede892030cac,0.0
d566f7d556384bbab22b1d0c564f51e0 <-> b0ee407dad4248bf90947f496fac7732,0.0
23c23190cd4a4226a647a2f53b6ae45d <-> d24d0dc9413b4dd290e6756f27b8a2a0,0.0
b0ee407dad4248bf90947f496fac7732 <-> 0af303ca12f74cffb704f28d649ecb48,0.0
e0e337cb216f4737aaab72d03b2bcfc2 <-> 4ad89a85e6df4c68b5895450f7bd2686,0.0
d24d0dc9413b4dd290e6756f27b8a2a0 <-> 423b36c01e15449889aefcb350fc9293,0.0
4450ad47454540ceacf0a12019624304 <-> 83e5b60efe91477fa5f767cdf30c4c01,0.0
90133ae2cd594306be2dd7e8366a98a9 <-> d566f7d556384bbab22b1d0c564f51e0,0.0
1a7d6dc174ad45469048cbd580c67e36 <-> b7f15166066f497eba790e96680de68e,0.0
4921524b856743e7a2c59c048cbca69d <-> 5b8c9002a87349738e8d3ec30cbcf79c,0.0
da489fae8b0e4b97bcc05a002a69b0d7 <-> 0dd6fef1d1284f8f90eb482354f6ed97,0.0
d566f7d556384bbab22b1d0c564f51e0 <-> f67d4ca6504f4335880b3085f6d0b146,0.0
d566f7d556384bbab22b1d0c564f51e0 <-> 83e5b60efe91477fa5f767cdf30c4c01,0.0
da489fae8b0e4b97bcc05a002a69b0d7 <-> 0af303ca12f74cffb704f28d649ecb48,0.0
41f52d577cbb4fc095b1e3d0027dcab5 <-> 2a27a97bf6b948f4b02f8c278335e6f4,0.0
da489fae8b0e4b97bcc05a002a69b0d7 <-> fe0b5dfab9db4a25b6deddff43e379a0,0.0
1a7d6dc174ad45469048cbd580c67e36 <-> b0ee407dad4248bf90947f496fac7732,0.0
46484f943b9840568639b5c11cd9c082 <-> f2a0d8446e714e19aa12a11e4d527880,0.0
12867b57696747a5bbe84751650fba14 <-> 2a27a97bf6b948f4b02f8c278335e6f4,0.0
d566f7d556384bbab22b1d0c564f51e0 <-> 15673e2d9ef5406f9b18eae317e89913,0.0
423b36c01e15449889aefcb350fc9293 <-> 2a27a97bf6b948f4b02f8c278335e6f4,0.0
506b7918bbe84430b9dd21ddf446aa32 <-> 01ceae3977254563a290c52b868f3d6c,0.0
01ceae3977254563a290c52b868f3d6c <-> 4d0289dd2d874c19b25af4c021ed65a6,0.0
da489fae8b0e4b97bcc05a002a69b0d7 <-> 86141c6c1ca0424199a2b99139be183b,0.0
423b36c01e15449889aefcb350fc9293 <-> 41f52d577cbb4fc095b1e3d0027dcab5,0.0
5b8c9002a87349738e8d3ec30cbcf79c <-> 4450ad47454540ceacf0a12019624304,0.0
f2a0d8446e714e19aa12a11e4d527880 <-> 83e5b60efe91477fa5f767cdf30c4c01,0.0
21b882e8509446a99784383db18b7a2b <-> 41f52d577cbb4fc095b1e3d0027dcab5,0.0
da489fae8b0e4b97bcc05a002a69b0d7 <-> c86459218daa44bfa45826ed2fbb42d9,0.0
da489fae8b0e4b97bcc05a002a69b0d7 <-> 423b36c01e15449889aefcb350fc9293,0.0
0a29a293ae7f43e6a5678bfe2a6274ad <-> cc0f327c8e504e4a9c5aaff0c0652d71,0.0
da489fae8b0e4b97bcc05a002a69b0d7 <-> 83e5b60efe91477fa5f767cdf30c4c01,0.0
23c23190cd4a4226a647a2f53b6ae45d <-> 2a27a97bf6b948f4b02f8c278335e6f4,0.0
8caf6439fadc4336881e80b5a0c25c7e <-> a4155b0dd30c4452b9b1ede892030cac,0.0
da489fae8b0e4b97bcc05a002a69b0d7 <-> 1a7d6dc174ad45469048cbd580c67e36,0.0
5b8c9002a87349738e8d3ec30cbcf79c <-> c44ee1d61c294b4e857d27b94c3942e5,0.0
01ceae3977254563a290c52b868f3d6c <-> 558ad86b82ac47818878f0a45f0fb642,0.0
23c23190cd4a4226a647a2f53b6ae45d <-> b7f15166066f497eba790e96680de68e,0.0
23c23190cd4a4226a647a2f53b6ae45d <-> c44ee1d61c294b4e857d27b94c3942e5,0.0
a4155b0dd30c4452b9b1ede892030cac <-> 0af303ca12f74cffb704f28d649ecb48,0.0
4ad89a85e6df4c68b5895450f7bd2686 <-> a4155b0dd30c4452b9b1ede892030cac,0.0
5b8c9002a87349738e8d3ec30cbcf79c <-> a4155b0dd30c4452b9b1ede892030cac,0.0
c92b371311024807b0e94bd8ebc14a9f <-> 0af303ca12f74cffb704f28d649ecb48,0.0
12867b57696747a5bbe84751650fba14 <-> 86141c6c1ca0424199a2b99139be183b,0.0
bb305c4c16f9462ca078ef7d25cd9aa9 <-> 41f52d577cbb4fc095b1e3d0027dcab5,0.0
506b7918bbe84430b9dd21ddf446aa32 <-> 0b5a4c6356954095b88c0dcc15dc5c5f,0.0
46484f943b9840568639b5c11cd9c082 <-> 86141c6c1ca0424199a2b99139be183b,0.0
12867b57696747a5bbe84751650fba14 <-> c92b371311024807b0e94bd8ebc14a9f,0.0
86141c6c1ca0424199a2b99139be183b <-> f2a0d8446e714e19aa12a11e4d527880,0.0
bb305c4c16f9462ca078ef7d25cd9aa9 <-> 7448396e800b48649223d2e4798e03e6,0.0
d566f7d556384bbab22b1d0c564f51e0 <-> 7448396e800b48649223d2e4798e03e6,0.0
c44ee1d61c294b4e857d27b94c3942e5 <-> 4ad89a85e6df4c68b5895450f7bd2686,0.0
23c23190cd4a4226a647a2f53b6ae45d <-> 83e5b60efe91477fa5f767cdf30c4c01,0.0
b0ee407dad4248bf90947f496fac7732 <-> 423b36c01e15449889aefcb350fc9293,0.0
4d0289dd2d874c19b25af4c021ed65a6 <-> 0af303ca12f74cffb704f28d649ecb48,0.0
86141c6c1ca0424199a2b99139be183b <-> 4450ad47454540ceacf0a12019624304,0.0
12867b57696747a5bbe84751650fba14 <-> f67d4ca6504f4335880b3085f6d0b146,0.0
0a29a293ae7f43e6a5678bfe2a6274ad <-> c44ee1d61c294b4e857d27b94c3942e5,0.0
01ceae3977254563a290c52b868f3d6c <-> d24d0dc9413b4dd290e6756f27b8a2a0,0.0
5b8c9002a87349738e8d3ec30cbcf79c <-> 4ad89a85e6df4c68b5895450f7bd2686,0.0
d566f7d556384bbab22b1d0c564f51e0 <-> fe0b5dfab9db4a25b6deddff43e379a0,0.0
46484f943b9840568639b5c11cd9c082 <-> cc0f327c8e504e4a9c5aaff0c0652d71,0.0
90133ae2cd594306be2dd7e8366a98a9 <-> b0ee407dad4248bf90947f496fac7732,0.0
f2a0d8446e714e19aa12a11e4d527880 <-> b0ee407dad4248bf90947f496fac7732,0.0
0b5a4c6356954095b88c0dcc15dc5c5f <-> fe0b5dfab9db4a25b6deddff43e379a0,0.0
da489fae8b0e4b97bcc05a002a69b0d7 <-> 5b8c9002a87349738e8d3ec30cbcf79c,0.0
c86459218daa44bfa45826ed2fbb42d9 <-> 0af303ca12f74cffb704f28d649ecb48,0.0
423d8562e18e4da8b8bc44a817e759c2 <-> da489fae8b0e4b97bcc05a002a69b0d7,0.0
506b7918bbe84430b9dd21ddf446aa32 <-> 83e5b60efe91477fa5f767cdf30c4c01,0.0
4d0289dd2d874c19b25af4c021ed65a6 <-> 83e5b60efe91477fa5f767cdf30c4c01,0.0
46484f943b9840568639b5c11cd9c082 <-> 23c23190cd4a4226a647a2f53b6ae45d,0.0
b91ccfa6aecb40e99b36fe9f0b999fd6 <-> d566f7d556384bbab22b1d0c564f51e0,0.0
423d8562e18e4da8b8bc44a817e759c2 <-> 41f52d577cbb4fc095b1e3d0027dcab5,0.0
4d0289dd2d874c19b25af4c021ed65a6 <-> f67d4ca6504f4335880b3085f6d0b146,0.0
0b5a4c6356954095b88c0dcc15dc5c5f <-> 46484f943b9840568639b5c11cd9c082,0.0
8caf6439fadc4336881e80b5a0c25c7e <-> 4d0289dd2d874c19b25af4c021ed65a6,0.0
c86459218daa44bfa45826ed2fbb42d9 <-> b0ee407dad4248bf90947f496fac7732,0.0
423d8562e18e4da8b8bc44a817e759c2 <-> 4921524b856743e7a2c59c048cbca69d,0.0
c44ee1d61c294b4e857d27b94c3942e5 <-> 83e5b60efe91477fa5f767cdf30c4c01,0.0
c92b371311024807b0e94bd8ebc14a9f <-> 4450ad47454540ceacf0a12019624304,0.0
01ceae3977254563a290c52b868f3d6c <-> b91ccfa6aecb40e99b36fe9f0b999fd6,0.0
c86459218daa44bfa45826ed2fbb42d9 <-> 5b8c9002a87349738e8d3ec30cbcf79c,0.0
8caf6439fadc4336881e80b5a0c25c7e <-> bb305c4c16f9462ca078ef7d25cd9aa9,0.0
46484f943b9840568639b5c11cd9c082 <-> 0a29a293ae7f43e6a5678bfe2a6274ad,0.0
23c23190cd4a4226a647a2f53b6ae45d <-> 7448396e800b48649223d2e4798e03e6,0.0
b0ee407dad4248bf90947f496fac7732 <-> a4155b0dd30c4452b9b1ede892030cac,0.0
86141c6c1ca0424199a2b99139be183b <-> c44ee1d61c294b4e857d27b94c3942e5,0.0
d24d0dc9413b4dd290e6756f27b8a2a0 <-> 2a27a97bf6b948f4b02f8c278335e6f4,0.0
423d8562e18e4da8b8bc44a817e759c2 <-> e0e337cb216f4737aaab72d03b2bcfc2,0.0
fe0b5dfab9db4a25b6deddff43e379a0 <-> 4450ad47454540ceacf0a12019624304,0.0
23c23190cd4a4226a647a2f53b6ae45d <-> fe0b5dfab9db4a25b6deddff43e379a0,0.0
01ceae3977254563a290c52b868f3d6c <-> 46484f943b9840568639b5c11cd9c082,0.0
01ceae3977254563a290c52b868f3d6c <-> 5b8c9002a87349738e8d3ec30cbcf79c,0.0
e0e337cb216f4737aaab72d03b2bcfc2 <-> 4d0289dd2d874c19b25af4c021ed65a6,0.0
e0e337cb216f4737aaab72d03b2bcfc2 <-> 23c23190cd4a4226a647a2f53b6ae45d,0.0
e0e337cb216f4737aaab72d03b2bcfc2 <-> 15673e2d9ef5406f9b18eae317e89913,0.0
86141c6c1ca0424199a2b99139be183b <-> 2a27a97bf6b948f4b02f8c278335e6f4,0.0
86141c6c1ca0424199a2b99139be183b <-> e0e337cb216f4737aaab72d03b2bcfc2,0.0
558ad86b82ac47818878f0a45f0fb642 <-> 2a27a97bf6b948f4b02f8c278335e6f4,0.0
0b5a4c6356954095b88c0dcc15dc5c5f <-> 8caf6439fadc4336881e80b5a0c25c7e,0.0
4d0289dd2d874c19b25af4c021ed65a6 <-> 423b36c01e15449889aefcb350fc9293,0.0
23c23190cd4a4226a647a2f53b6ae45d <-> 4450ad47454540ceacf0a12019624304,0.0
90133ae2cd594306be2dd7e8366a98a9 <-> c44ee1d61c294b4e857d27b94c3942e5,0.0
da489fae8b0e4b97bcc05a002a69b0d7 <-> c92b371311024807b0e94bd8ebc14a9f,0.0
23c23190cd4a4226a647a2f53b6ae45d <-> 423b36c01e15449889aefcb350fc9293,0.0
21b882e8509446a99784383db18b7a2b <-> f2a0d8446e714e19aa12a11e4d527880,0.0
bb305c4c16f9462ca078ef7d25cd9aa9 <-> a4155b0dd30c4452b9b1ede892030cac,0.0
21b882e8509446a99784383db18b7a2b <-> a4155b0dd30c4452b9b1ede892030cac,0.0
f67d4ca6504f4335880b3085f6d0b146 <-> 2a27a97bf6b948f4b02f8c278335e6f4,0.0
4ad89a85e6df4c68b5895450f7bd2686 <-> 41f52d577cbb4fc095b1e3d0027dcab5,0.0
c44ee1d61c294b4e857d27b94c3942e5 <-> f67d4ca6504f4335880b3085f6d0b146,0.0
e0e337cb216f4737aaab72d03b2bcfc2 <-> c44ee1d61c294b4e857d27b94c3942e5,0.0
c44ee1d61c294b4e857d27b94c3942e5 <-> 423b36c01e15449889aefcb350fc9293,0.0
86141c6c1ca0424199a2b99139be183b <-> 423b36c01e15449889aefcb350fc9293,0.0
01ceae3977254563a290c52b868f3d6c <-> b7f15166066f497eba790e96680de68e,0.0
f2a0d8446e714e19aa12a11e4d527880 <-> 4d0289dd2d874c19b25af4c021ed65a6,0.0
62830a3beec94e329815936d245b2fe5 <-> 41f52d577cbb4fc095b1e3d0027dcab5,0.0
e0e337cb216f4737aaab72d03b2bcfc2 <-> 558ad86b82ac47818878f0a45f0fb642,0.0
01ceae3977254563a290c52b868f3d6c <-> 423d8562e18e4da8b8bc44a817e759c2,0.0
b91ccfa6aecb40e99b36fe9f0b999fd6 <-> c44ee1d61c294b4e857d27b94c3942e5,0.0
62830a3beec94e329815936d245b2fe5 <-> a4155b0dd30c4452b9b1ede892030cac,0.0
b0ee407dad4248bf90947f496fac7732 <-> 15673e2d9ef5406f9b18eae317e89913,0.0
90133ae2cd594306be2dd7e8366a98a9 <-> 23c23190cd4a4226a647a2f53b6ae45d,0.0
12867b57696747a5bbe84751650fba14 <-> d566f7d556384bbab22b1d0c564f51e0,0.0
90133ae2cd594306be2dd7e8366a98a9 <-> 4d0289dd2d874c19b25af4c021ed65a6,0.0
4d0289dd2d874c19b25af4c021ed65a6 <-> 41f52d577cbb4fc095b1e3d0027dcab5,0.0
c92b371311024807b0e94bd8ebc14a9f <-> 423b36c01e15449889aefcb350fc9293,0.0
e0e337cb216f4737aaab72d03b2bcfc2 <-> d24d0dc9413b4dd290e6756f27b8a2a0,0.0
12867b57696747a5bbe84751650fba14 <-> 4921524b856743e7a2c59c048cbca69d,0.0
d566f7d556384bbab22b1d0c564f51e0 <-> 4d0289dd2d874c19b25af4c021ed65a6,0.0
558ad86b82ac47818878f0a45f0fb642 <-> b7f15166066f497eba790e96680de68e,0.0
c92b371311024807b0e94bd8ebc14a9f <-> 15673e2d9ef5406f9b18eae317e89913,0.0
506b7918bbe84430b9dd21ddf446aa32 <-> 23c23190cd4a4226a647a2f53b6ae45d,0.0
01ceae3977254563a290c52b868f3d6c <-> 62830a3beec94e329815936d245b2fe5,0.0
558ad86b82ac47818878f0a45f0fb642 <-> b0ee407dad4248bf90947f496fac7732,0.0
d566f7d556384bbab22b1d0c564f51e0 <-> e0e337cb216f4737aaab72d03b2bcfc2,0.0
506b7918bbe84430b9dd21ddf446aa32 <-> 21b882e8509446a99784383db18b7a2b,0.0
b91ccfa6aecb40e99b36fe9f0b999fd6 <-> 5b8c9002a87349738e8d3ec30cbcf79c,0.0
12867b57696747a5bbe84751650fba14 <-> fe0b5dfab9db4a25b6deddff43e379a0,0.0
8caf6439fadc4336881e80b5a0c25c7e <-> b0ee407dad4248bf90947f496fac7732,0.0
423d8562e18e4da8b8bc44a817e759c2 <-> 86141c6c1ca0424199a2b99139be183b,0.0
8caf6439fadc4336881e80b5a0c25c7e <-> cc0f327c8e504e4a9c5aaff0c0652d71,0.0
b0ee407dad4248bf90947f496fac7732 <-> 0dd6fef1d1284f8f90eb482354f6ed97,0.0
21b882e8509446a99784383db18b7a2b <-> f67d4ca6504f4335880b3085f6d0b146,0.0
4921524b856743e7a2c59c048cbca69d <-> d24d0dc9413b4dd290e6756f27b8a2a0,0.0
423b36c01e15449889aefcb350fc9293 <-> a4155b0dd30c4452b9b1ede892030cac,0.0
d24d0dc9413b4dd290e6756f27b8a2a0 <-> 1a7d6dc174ad45469048cbd580c67e36,0.0
423d8562e18e4da8b8bc44a817e759c2 <-> d566f7d556384bbab22b1d0c564f51e0,0.0
46484f943b9840568639b5c11cd9c082 <-> f67d4ca6504f4335880b3085f6d0b146,0.0
bb305c4c16f9462ca078ef7d25cd9aa9 <-> 423b36c01e15449889aefcb350fc9293,0.0
83e5b60efe91477fa5f767cdf30c4c01 <-> b7f15166066f497eba790e96680de68e,0.0
4450ad47454540ceacf0a12019624304 <-> f67d4ca6504f4335880b3085f6d0b146,0.0
01ceae3977254563a290c52b868f3d6c <-> d566f7d556384bbab22b1d0c564f51e0,0.0
46484f943b9840568639b5c11cd9c082 <-> 41f52d577cbb4fc095b1e3d0027dcab5,0.0
90133ae2cd594306be2dd7e8366a98a9 <-> da489fae8b0e4b97bcc05a002a69b0d7,0.0
423b36c01e15449889aefcb350fc9293 <-> 83e5b60efe91477fa5f767cdf30c4c01,0.0
bb305c4c16f9462ca078ef7d25cd9aa9 <-> f67d4ca6504f4335880b3085f6d0b146,0.0
b7f15166066f497eba790e96680de68e <-> 0af303ca12f74cffb704f28d649ecb48,0.0
5b8c9002a87349738e8d3ec30cbcf79c <-> 0af303ca12f74cffb704f28d649ecb48,0.0
506b7918bbe84430b9dd21ddf446aa32 <-> 8caf6439fadc4336881e80b5a0c25c7e,0.0
5b8c9002a87349738e8d3ec30cbcf79c <-> 15673e2d9ef5406f9b18eae317e89913,0.0
f67d4ca6504f4335880b3085f6d0b146 <-> b7f15166066f497eba790e96680de68e,0.0
f67d4ca6504f4335880b3085f6d0b146 <-> 41f52d577cbb4fc095b1e3d0027dcab5,0.0
f67d4ca6504f4335880b3085f6d0b146 <-> 0af303ca12f74cffb704f28d649ecb48,0.0
7448396e800b48649223d2e4798e03e6 <-> b0ee407dad4248bf90947f496fac7732,0.0
8caf6439fadc4336881e80b5a0c25c7e <-> b7f15166066f497eba790e96680de68e,0.0
86141c6c1ca0424199a2b99139be183b <-> f67d4ca6504f4335880b3085f6d0b146,0.0
da489fae8b0e4b97bcc05a002a69b0d7 <-> bb305c4c16f9462ca078ef7d25cd9aa9,0.0
8caf6439fadc4336881e80b5a0c25c7e <-> 23c23190cd4a4226a647a2f53b6ae45d,0.0
90133ae2cd594306be2dd7e8366a98a9 <-> 5b8c9002a87349738e8d3ec30cbcf79c,0.0
8caf6439fadc4336881e80b5a0c25c7e <-> 2a27a97bf6b948f4b02f8c278335e6f4,0.0
d566f7d556384bbab22b1d0c564f51e0 <-> c92b371311024807b0e94bd8ebc14a9f,0.0
b0ee407dad4248bf90947f496fac7732 <-> c44ee1d61c294b4e857d27b94c3942e5,0.0
f2a0d8446e714e19aa12a11e4d527880 <-> 5b8c9002a87349738e8d3ec30cbcf79c,0.0
506b7918bbe84430b9dd21ddf446aa32 <-> a4155b0dd30c4452b9b1ede892030cac,0.0
12867b57696747a5bbe84751650fba14 <-> a4155b0dd30c4452b9b1ede892030cac,0.0
83e5b60efe91477fa5f767cdf30c4c01 <-> 15673e2d9ef5406f9b18eae317e89913,0.0
506b7918bbe84430b9dd21ddf446aa32 <-> 5b8c9002a87349738e8d3ec30cbcf79c,0.0
506b7918bbe84430b9dd21ddf446aa32 <-> 46484f943b9840568639b5c11cd9c082,0.0
0a29a293ae7f43e6a5678bfe2a6274ad <-> f67d4ca6504f4335880b3085f6d0b146,0.0
4ad89a85e6df4c68b5895450f7bd2686 <-> b7f15166066f497eba790e96680de68e,0.0
46484f943b9840568639b5c11cd9c082 <-> 423b36c01e15449889aefcb350fc9293,0.0
506b7918bbe84430b9dd21ddf446aa32 <-> f2a0d8446e714e19aa12a11e4d527880,0.0
86141c6c1ca0424199a2b99139be183b <-> 4ad89a85e6df4c68b5895450f7bd2686,0.0
d24d0dc9413b4dd290e6756f27b8a2a0 <-> 0af303ca12f74cffb704f28d649ecb48,0.0
4921524b856743e7a2c59c048cbca69d <-> c44ee1d61c294b4e857d27b94c3942e5,0.0
21b882e8509446a99784383db18b7a2b <-> c44ee1d61c294b4e857d27b94c3942e5,0.0
506b7918bbe84430b9dd21ddf446aa32 <-> 62830a3beec94e329815936d245b2fe5,0.0
46484f943b9840568639b5c11cd9c082 <-> 0dd6fef1d1284f8f90eb482354f6ed97,0.0
0a29a293ae7f43e6a5678bfe2a6274ad <-> bb305c4c16f9462ca078ef7d25cd9aa9,0.0
46484f943b9840568639b5c11cd9c082 <-> 21b882e8509446a99784383db18b7a2b,0.0
86141c6c1ca0424199a2b99139be183b <-> c92b371311024807b0e94bd8ebc14a9f,0.0
bb305c4c16f9462ca078ef7d25cd9aa9 <-> 558ad86b82ac47818878f0a45f0fb642,0.0
86141c6c1ca0424199a2b99139be183b <-> 0dd6fef1d1284f8f90eb482354f6ed97,0.0
4921524b856743e7a2c59c048cbca69d <-> 62830a3beec94e329815936d245b2fe5,0.0
b7f15166066f497eba790e96680de68e <-> 15673e2d9ef5406f9b18eae317e89913,0.0
21b882e8509446a99784383db18b7a2b <-> 0af303ca12f74cffb704f28d649ecb48,0.0
b0ee407dad4248bf90947f496fac7732 <-> f67d4ca6504f4335880b3085f6d0b146,0.0
da489fae8b0e4b97bcc05a002a69b0d7 <-> 15673e2d9ef5406f9b18eae317e89913,0.0
da489fae8b0e4b97bcc05a002a69b0d7 <-> 23c23190cd4a4226a647a2f53b6ae45d,0.0
fe0b5dfab9db4a25b6deddff43e379a0 <-> b7f15166066f497eba790e96680de68e,0.0
0b5a4c6356954095b88c0dcc15dc5c5f <-> 83e5b60efe91477fa5f767cdf30c4c01,0.0
5b8c9002a87349738e8d3ec30cbcf79c <-> b0ee407dad4248bf90947f496fac7732,0.0
423d8562e18e4da8b8bc44a817e759c2 <-> 2a27a97bf6b948f4b02f8c278335e6f4,0.0
62830a3beec94e329815936d245b2fe5 <-> 83e5b60efe91477fa5f767cdf30c4c01,0.0
86141c6c1ca0424199a2b99139be183b <-> b7f15166066f497eba790e96680de68e,0.0
506b7918bbe84430b9dd21ddf446aa32 <-> 4d0289dd2d874c19b25af4c021ed65a6,0.0
c92b371311024807b0e94bd8ebc14a9f <-> c44ee1d61c294b4e857d27b94c3942e5,0.0
c92b371311024807b0e94bd8ebc14a9f <-> 7448396e800b48649223d2e4798e03e6,0.0
7448396e800b48649223d2e4798e03e6 <-> 5b8c9002a87349738e8d3ec30cbcf79c,0.0
01ceae3977254563a290c52b868f3d6c <-> f2a0d8446e714e19aa12a11e4d527880,0.0
bb305c4c16f9462ca078ef7d25cd9aa9 <-> d24d0dc9413b4dd290e6756f27b8a2a0,0.0
cc0f327c8e504e4a9c5aaff0c0652d71 <-> 41f52d577cbb4fc095b1e3d0027dcab5,0.0
d566f7d556384bbab22b1d0c564f51e0 <-> 1a7d6dc174ad45469048cbd580c67e36,0.0
4450ad47454540ceacf0a12019624304 <-> 0af303ca12f74cffb704f28d649ecb48,0.0
d24d0dc9413b4dd290e6756f27b8a2a0 <-> 4ad89a85e6df4c68b5895450f7bd2686,0.0
12867b57696747a5bbe84751650fba14 <-> 41f52d577cbb4fc095b1e3d0027dcab5,0.0
41f52d577cbb4fc095b1e3d0027dcab5 <-> b7f15166066f497eba790e96680de68e,0.0
83e5b60efe91477fa5f767cdf30c4c01 <-> 0dd6fef1d1284f8f90eb482354f6ed97,0.0
b7f15166066f497eba790e96680de68e <-> 0dd6fef1d1284f8f90eb482354f6ed97,0.0
46484f943b9840568639b5c11cd9c082 <-> a4155b0dd30c4452b9b1ede892030cac,0.0
83e5b60efe91477fa5f767cdf30c4c01 <-> 0af303ca12f74cffb704f28d649ecb48,0.0
f67d4ca6504f4335880b3085f6d0b146 <-> 0dd6fef1d1284f8f90eb482354f6ed97,0.0
8caf6439fadc4336881e80b5a0c25c7e <-> 83e5b60efe91477fa5f767cdf30c4c01,0.0
d566f7d556384bbab22b1d0c564f51e0 <-> 558ad86b82ac47818878f0a45f0fb642,0.0
506b7918bbe84430b9dd21ddf446aa32 <-> 15673e2d9ef5406f9b18eae317e89913,0.0
e0e337cb216f4737aaab72d03b2bcfc2 <-> b7f15166066f497eba790e96680de68e,0.0
f67d4ca6504f4335880b3085f6d0b146 <-> a4155b0dd30c4452b9b1ede892030cac,0.0
c92b371311024807b0e94bd8ebc14a9f <-> 4d0289dd2d874c19b25af4c021ed65a6,0.0
506b7918bbe84430b9dd21ddf446aa32 <-> 4ad89a85e6df4c68b5895450f7bd2686,0.0
f2a0d8446e714e19aa12a11e4d527880 <-> 41f52d577cbb4fc095b1e3d0027dcab5,0.0
4450ad47454540ceacf0a12019624304 <-> cc0f327c8e504e4a9c5aaff0c0652d71,0.0
90133ae2cd594306be2dd7e8366a98a9 <-> 21b882e8509446a99784383db18b7a2b,0.0
c92b371311024807b0e94bd8ebc14a9f <-> f67d4ca6504f4335880b3085f6d0b146,0.0
e0e337cb216f4737aaab72d03b2bcfc2 <-> 423b36c01e15449889aefcb350fc9293,0.0
c44ee1d61c294b4e857d27b94c3942e5 <-> cc0f327c8e504e4a9c5aaff0c0652d71,0.0
12867b57696747a5bbe84751650fba14 <-> 83e5b60efe91477fa5f767cdf30c4c01,0.0
8caf6439fadc4336881e80b5a0c25c7e <-> d24d0dc9413b4dd290e6756f27b8a2a0,0.0
d24d0dc9413b4dd290e6756f27b8a2a0 <-> 4450ad47454540ceacf0a12019624304,0.0
01ceae3977254563a290c52b868f3d6c <-> a4155b0dd30c4452b9b1ede892030cac,0.0
21b882e8509446a99784383db18b7a2b <-> 0dd6fef1d1284f8f90eb482354f6ed97,0.0
0b5a4c6356954095b88c0dcc15dc5c5f <-> d566f7d556384bbab22b1d0c564f51e0,0.0
4921524b856743e7a2c59c048cbca69d <-> b0ee407dad4248bf90947f496fac7732,0.0
21b882e8509446a99784383db18b7a2b <-> 23c23190cd4a4226a647a2f53b6ae45d,0.0
4921524b856743e7a2c59c048cbca69d <-> 0af303ca12f74cffb704f28d649ecb48,0.0
e0e337cb216f4737aaab72d03b2bcfc2 <-> cc0f327c8e504e4a9c5aaff0c0652d71,0.0
558ad86b82ac47818878f0a45f0fb642 <-> d24d0dc9413b4dd290e6756f27b8a2a0,0.0
b91ccfa6aecb40e99b36fe9f0b999fd6 <-> da489fae8b0e4b97bcc05a002a69b0d7,0.0
bb305c4c16f9462ca078ef7d25cd9aa9 <-> 2a27a97bf6b948f4b02f8c278335e6f4,0.0
506b7918bbe84430b9dd21ddf446aa32 <-> 12867b57696747a5bbe84751650fba14,0.0
4921524b856743e7a2c59c048cbca69d <-> cc0f327c8e504e4a9c5aaff0c0652d71,0.0
423d8562e18e4da8b8bc44a817e759c2 <-> cc0f327c8e504e4a9c5aaff0c0652d71,0.0
4921524b856743e7a2c59c048cbca69d <-> a4155b0dd30c4452b9b1ede892030cac,0.0
86141c6c1ca0424199a2b99139be183b <-> 4d0289dd2d874c19b25af4c021ed65a6,0.0
0b5a4c6356954095b88c0dcc15dc5c5f <-> b91ccfa6aecb40e99b36fe9f0b999fd6,0.0
fe0b5dfab9db4a25b6deddff43e379a0 <-> c44ee1d61c294b4e857d27b94c3942e5,0.0
506b7918bbe84430b9dd21ddf446aa32 <-> cc0f327c8e504e4a9c5aaff0c0652d71,0.0
c86459218daa44bfa45826ed2fbb42d9 <-> 83e5b60efe91477fa5f767cdf30c4c01,0.0
4450ad47454540ceacf0a12019624304 <-> 41f52d577cbb4fc095b1e3d0027dcab5,0.0
86141c6c1ca0424199a2b99139be183b <-> 23c23190cd4a4226a647a2f53b6ae45d,0.0
23c23190cd4a4226a647a2f53b6ae45d <-> f2a0d8446e714e19aa12a11e4d527880,0.0
1a7d6dc174ad45469048cbd580c67e36 <-> 4d0289dd2d874c19b25af4c021ed65a6,0.0
90133ae2cd594306be2dd7e8366a98a9 <-> 41f52d577cbb4fc095b1e3d0027dcab5,0.0
86141c6c1ca0424199a2b99139be183b <-> 1a7d6dc174ad45469048cbd580c67e36,0.0
c92b371311024807b0e94bd8ebc14a9f <-> 1a7d6dc174ad45469048cbd580c67e36,0.0
da489fae8b0e4b97bcc05a002a69b0d7 <-> 558ad86b82ac47818878f0a45f0fb642,0.0
4d0289dd2d874c19b25af4c021ed65a6 <-> 2a27a97bf6b948f4b02f8c278335e6f4,0.0
0b5a4c6356954095b88c0dcc15dc5c5f <-> c86459218daa44bfa45826ed2fbb42d9,0.0
c86459218daa44bfa45826ed2fbb42d9 <-> a4155b0dd30c4452b9b1ede892030cac,0.0
0a29a293ae7f43e6a5678bfe2a6274ad <-> b7f15166066f497eba790e96680de68e,0.0
23c23190cd4a4226a647a2f53b6ae45d <-> 0dd6fef1d1284f8f90eb482354f6ed97,0.0
c92b371311024807b0e94bd8ebc14a9f <-> 4921524b856743e7a2c59c048cbca69d,0.0
4ad89a85e6df4c68b5895450f7bd2686 <-> cc0f327c8e504e4a9c5aaff0c0652d71,0.0
b91ccfa6aecb40e99b36fe9f0b999fd6 <-> c92b371311024807b0e94bd8ebc14a9f,0.0
d566f7d556384bbab22b1d0c564f51e0 <-> 4921524b856743e7a2c59c048cbca69d,0.0
0a29a293ae7f43e6a5678bfe2a6274ad <-> 23c23190cd4a4226a647a2f53b6ae45d,0.0
4d0289dd2d874c19b25af4c021ed65a6 <-> 62830a3beec94e329815936d245b2fe5,0.0
0b5a4c6356954095b88c0dcc15dc5c5f <-> 23c23190cd4a4226a647a2f53b6ae45d,0.0
4921524b856743e7a2c59c048cbca69d <-> 41f52d577cbb4fc095b1e3d0027dcab5,0.0
423d8562e18e4da8b8bc44a817e759c2 <-> 23c23190cd4a4226a647a2f53b6ae45d,0.0
5b8c9002a87349738e8d3ec30cbcf79c <-> 41f52d577cbb4fc095b1e3d0027dcab5,0.0
2a27a97bf6b948f4b02f8c278335e6f4 <-> 0dd6fef1d1284f8f90eb482354f6ed97,0.0
21b882e8509446a99784383db18b7a2b <-> d24d0dc9413b4dd290e6756f27b8a2a0,0.0
12867b57696747a5bbe84751650fba14 <-> c44ee1d61c294b4e857d27b94c3942e5,0.0
b91ccfa6aecb40e99b36fe9f0b999fd6 <-> 8caf6439fadc4336881e80b5a0c25c7e,0.0
1a7d6dc174ad45469048cbd580c67e36 <-> f67d4ca6504f4335880b3085f6d0b146,0.0
cc0f327c8e504e4a9c5aaff0c0652d71 <-> 83e5b60efe91477fa5f767cdf30c4c01,0.0
01ceae3977254563a290c52b868f3d6c <-> bb305c4c16f9462ca078ef7d25cd9aa9,0.0
21b882e8509446a99784383db18b7a2b <-> b7f15166066f497eba790e96680de68e,0.0
46484f943b9840568639b5c11cd9c082 <-> 4ad89a85e6df4c68b5895450f7bd2686,0.0
c92b371311024807b0e94bd8ebc14a9f <-> a4155b0dd30c4452b9b1ede892030cac,0.0
46484f943b9840568639b5c11cd9c082 <-> c92b371311024807b0e94bd8ebc14a9f,0.0
90133ae2cd594306be2dd7e8366a98a9 <-> 0b5a4c6356954095b88c0dcc15dc5c5f,0.0
cc0f327c8e504e4a9c5aaff0c0652d71 <-> a4155b0dd30c4452b9b1ede892030cac,0.0
506b7918bbe84430b9dd21ddf446aa32 <-> 0af303ca12f74cffb704f28d649ecb48,0.0
da489fae8b0e4b97bcc05a002a69b0d7 <-> d24d0dc9413b4dd290e6756f27b8a2a0,0.0
0a29a293ae7f43e6a5678bfe2a6274ad <-> 5b8c9002a87349738e8d3ec30cbcf79c,0.0
4921524b856743e7a2c59c048cbca69d <-> f67d4ca6504f4335880b3085f6d0b146,0.0
a4155b0dd30c4452b9b1ede892030cac <-> 41f52d577cbb4fc095b1e3d0027dcab5,0.0
c92b371311024807b0e94bd8ebc14a9f <-> c86459218daa44bfa45826ed2fbb42d9,0.0
46484f943b9840568639b5c11cd9c082 <-> 2a27a97bf6b948f4b02f8c278335e6f4,0.0
46484f943b9840568639b5c11cd9c082 <-> c86459218daa44bfa45826ed2fbb42d9,0.0
bb305c4c16f9462ca078ef7d25cd9aa9 <-> 5b8c9002a87349738e8d3ec30cbcf79c,0.0
46484f943b9840568639b5c11cd9c082 <-> 4450ad47454540ceacf0a12019624304,0.0
da489fae8b0e4b97bcc05a002a69b0d7 <-> 0a29a293ae7f43e6a5678bfe2a6274ad,0.0
bb305c4c16f9462ca078ef7d25cd9aa9 <-> 4921524b856743e7a2c59c048cbca69d,0.0
01ceae3977254563a290c52b868f3d6c <-> 4921524b856743e7a2c59c048cbca69d,0.0
e0e337cb216f4737aaab72d03b2bcfc2 <-> c86459218daa44bfa45826ed2fbb42d9,0.0
e0e337cb216f4737aaab72d03b2bcfc2 <-> 4450ad47454540ceacf0a12019624304,0.0
0b5a4c6356954095b88c0dcc15dc5c5f <-> a4155b0dd30c4452b9b1ede892030cac,0.0
12867b57696747a5bbe84751650fba14 <-> 62830a3beec94e329815936d245b2fe5,0.0
1a7d6dc174ad45469048cbd580c67e36 <-> c44ee1d61c294b4e857d27b94c3942e5,0.0
558ad86b82ac47818878f0a45f0fb642 <-> 5b8c9002a87349738e8d3ec30cbcf79c,0.0
c86459218daa44bfa45826ed2fbb42d9 <-> 2a27a97bf6b948f4b02f8c278335e6f4,0.0
b0ee407dad4248bf90947f496fac7732 <-> b7f15166066f497eba790e96680de68e,0.0
46484f943b9840568639b5c11cd9c082 <-> 4d0289dd2d874c19b25af4c021ed65a6,0.0
423d8562e18e4da8b8bc44a817e759c2 <-> b7f15166066f497eba790e96680de68e,0.0
d24d0dc9413b4dd290e6756f27b8a2a0 <-> 4d0289dd2d874c19b25af4c021ed65a6,0.0
c86459218daa44bfa45826ed2fbb42d9 <-> c44ee1d61c294b4e857d27b94c3942e5,0.0
b0ee407dad4248bf90947f496fac7732 <-> 62830a3beec94e329815936d245b2fe5,0.0
01ceae3977254563a290c52b868f3d6c <-> 4ad89a85e6df4c68b5895450f7bd2686,0.0
bb305c4c16f9462ca078ef7d25cd9aa9 <-> 83e5b60efe91477fa5f767cdf30c4c01,0.0
01ceae3977254563a290c52b868f3d6c <-> 15673e2d9ef5406f9b18eae317e89913,0.0
0b5a4c6356954095b88c0dcc15dc5c5f <-> 4d0289dd2d874c19b25af4c021ed65a6,0.0
c92b371311024807b0e94bd8ebc14a9f <-> 41f52d577cbb4fc095b1e3d0027dcab5,0.0
01ceae3977254563a290c52b868f3d6c <-> da489fae8b0e4b97bcc05a002a69b0d7,0.0
423d8562e18e4da8b8bc44a817e759c2 <-> 21b882e8509446a99784383db18b7a2b,0.0
0a29a293ae7f43e6a5678bfe2a6274ad <-> a4155b0dd30c4452b9b1ede892030cac,0.0
bb305c4c16f9462ca078ef7d25cd9aa9 <-> b7f15166066f497eba790e96680de68e,0.0
b0ee407dad4248bf90947f496fac7732 <-> 2a27a97bf6b948f4b02f8c278335e6f4,0.0
b91ccfa6aecb40e99b36fe9f0b999fd6 <-> a4155b0dd30c4452b9b1ede892030cac,0.0
bb305c4c16f9462ca078ef7d25cd9aa9 <-> c86459218daa44bfa45826ed2fbb42d9,0.0
bb305c4c16f9462ca078ef7d25cd9aa9 <-> fe0b5dfab9db4a25b6deddff43e379a0,0.0
423b36c01e15449889aefcb350fc9293 <-> 0dd6fef1d1284f8f90eb482354f6ed97,0.0
12867b57696747a5bbe84751650fba14 <-> c86459218daa44bfa45826ed2fbb42d9,0.0
90133ae2cd594306be2dd7e8366a98a9 <-> b7f15166066f497eba790e96680de68e,0.0
d566f7d556384bbab22b1d0c564f51e0 <-> bb305c4c16f9462ca078ef7d25cd9aa9,0.0
8caf6439fadc4336881e80b5a0c25c7e <-> e0e337cb216f4737aaab72d03b2bcfc2,0.0
fe0b5dfab9db4a25b6deddff43e379a0 <-> d24d0dc9413b4dd290e6756f27b8a2a0,0.0
fe0b5dfab9db4a25b6deddff43e379a0 <-> a4155b0dd30c4452b9b1ede892030cac,0.0
c92b371311024807b0e94bd8ebc14a9f <-> fe0b5dfab9db4a25b6deddff43e379a0,0.0
5b8c9002a87349738e8d3ec30cbcf79c <-> 4d0289dd2d874c19b25af4c021ed65a6,0.0
c92b371311024807b0e94bd8ebc14a9f <-> 2a27a97bf6b948f4b02f8c278335e6f4,0.0
7448396e800b48649223d2e4798e03e6 <-> 15673e2d9ef5406f9b18eae317e89913,0.0
8caf6439fadc4336881e80b5a0c25c7e <-> 558ad86b82ac47818878f0a45f0fb642,0.0
5b8c9002a87349738e8d3ec30cbcf79c <-> f67d4ca6504f4335880b3085f6d0b146,0.0
da489fae8b0e4b97bcc05a002a69b0d7 <-> e0e337cb216f4737aaab72d03b2bcfc2,0.0
0b5a4c6356954095b88c0dcc15dc5c5f <-> d24d0dc9413b4dd290e6756f27b8a2a0,0.0
1a7d6dc174ad45469048cbd580c67e36 <-> cc0f327c8e504e4a9c5aaff0c0652d71,0.0
86141c6c1ca0424199a2b99139be183b <-> b0ee407dad4248bf90947f496fac7732,0.0
423d8562e18e4da8b8bc44a817e759c2 <-> 4450ad47454540ceacf0a12019624304,0.0
fe0b5dfab9db4a25b6deddff43e379a0 <-> 423b36c01e15449889aefcb350fc9293,0.0
e0e337cb216f4737aaab72d03b2bcfc2 <-> b0ee407dad4248bf90947f496fac7732,0.0
7448396e800b48649223d2e4798e03e6 <-> a4155b0dd30c4452b9b1ede892030cac,0.0
21b882e8509446a99784383db18b7a2b <-> 2a27a97bf6b948f4b02f8c278335e6f4,0.0
01ceae3977254563a290c52b868f3d6c <-> fe0b5dfab9db4a25b6deddff43e379a0,0.0
b91ccfa6aecb40e99b36fe9f0b999fd6 <-> f67d4ca6504f4335880b3085f6d0b146,0.0
7448396e800b48649223d2e4798e03e6 <-> 4450ad47454540ceacf0a12019624304,0.0
558ad86b82ac47818878f0a45f0fb642 <-> c44ee1d61c294b4e857d27b94c3942e5,0.0
5b8c9002a87349738e8d3ec30cbcf79c <-> 0dd6fef1d1284f8f90eb482354f6ed97,0.0
12867b57696747a5bbe84751650fba14 <-> 4ad89a85e6df4c68b5895450f7bd2686,0.0
b0ee407dad4248bf90947f496fac7732 <-> 4450ad47454540ceacf0a12019624304,0.0
cc0f327c8e504e4a9c5aaff0c0652d71 <-> 0af303ca12f74cffb704f28d649ecb48,0.0
90133ae2cd594306be2dd7e8366a98a9 <-> a4155b0dd30c4452b9b1ede892030cac,0.0
12867b57696747a5bbe84751650fba14 <-> 0dd6fef1d1284f8f90eb482354f6ed97,0.0
506b7918bbe84430b9dd21ddf446aa32 <-> 1a7d6dc174ad45469048cbd580c67e36,0.0
23c23190cd4a4226a647a2f53b6ae45d <-> 0af303ca12f74cffb704f28d649ecb48,0.0
0b5a4c6356954095b88c0dcc15dc5c5f <-> 21b882e8509446a99784383db18b7a2b,0.0
506b7918bbe84430b9dd21ddf446aa32 <-> b0ee407dad4248bf90947f496fac7732,0.0
b91ccfa6aecb40e99b36fe9f0b999fd6 <-> 23c23190cd4a4226a647a2f53b6ae45d,0.0
8caf6439fadc4336881e80b5a0c25c7e <-> c44ee1d61c294b4e857d27b94c3942e5,0.0
1a7d6dc174ad45469048cbd580c67e36 <-> 2a27a97bf6b948f4b02f8c278335e6f4,0.0
da489fae8b0e4b97bcc05a002a69b0d7 <-> 2a27a97bf6b948f4b02f8c278335e6f4,0.0
21b882e8509446a99784383db18b7a2b <-> b0ee407dad4248bf90947f496fac7732,0.0
c86459218daa44bfa45826ed2fbb42d9 <-> d24d0dc9413b4dd290e6756f27b8a2a0,0.0
e0e337cb216f4737aaab72d03b2bcfc2 <-> f67d4ca6504f4335880b3085f6d0b146,0.0
86141c6c1ca0424199a2b99139be183b <-> 15673e2d9ef5406f9b18eae317e89913,0.0
d24d0dc9413b4dd290e6756f27b8a2a0 <-> 62830a3beec94e329815936d245b2fe5,0.0
90133ae2cd594306be2dd7e8366a98a9 <-> e0e337cb216f4737aaab72d03b2bcfc2,0.0
41f52d577cbb4fc095b1e3d0027dcab5 <-> 0dd6fef1d1284f8f90eb482354f6ed97,0.0
23c23190cd4a4226a647a2f53b6ae45d <-> c86459218daa44bfa45826ed2fbb42d9,0.0
12867b57696747a5bbe84751650fba14 <-> 5b8c9002a87349738e8d3ec30cbcf79c,0.0
d566f7d556384bbab22b1d0c564f51e0 <-> a4155b0dd30c4452b9b1ede892030cac,0.0
7448396e800b48649223d2e4798e03e6 <-> 2a27a97bf6b948f4b02f8c278335e6f4,0.0
558ad86b82ac47818878f0a45f0fb642 <-> f67d4ca6504f4335880b3085f6d0b146,0.0
da489fae8b0e4b97bcc05a002a69b0d7 <-> f2a0d8446e714e19aa12a11e4d527880,0.0
d566f7d556384bbab22b1d0c564f51e0 <-> 0dd6fef1d1284f8f90eb482354f6ed97,0.0
21b882e8509446a99784383db18b7a2b <-> bb305c4c16f9462ca078ef7d25cd9aa9,0.0
01ceae3977254563a290c52b868f3d6c <-> 1a7d6dc174ad45469048cbd580c67e36,0.0
46484f943b9840568639b5c11cd9c082 <-> bb305c4c16f9462ca078ef7d25cd9aa9,0.0
23c23190cd4a4226a647a2f53b6ae45d <-> 41f52d577cbb4fc095b1e3d0027dcab5,0.0
506b7918bbe84430b9dd21ddf446aa32 <-> 4921524b856743e7a2c59c048cbca69d,0.0
0b5a4c6356954095b88c0dcc15dc5c5f <-> 423b36c01e15449889aefcb350fc9293,0.0
506b7918bbe84430b9dd21ddf446aa32 <-> 0dd6fef1d1284f8f90eb482354f6ed97,0.0
23c23190cd4a4226a647a2f53b6ae45d <-> cc0f327c8e504e4a9c5aaff0c0652d71,0.0
d566f7d556384bbab22b1d0c564f51e0 <-> da489fae8b0e4b97bcc05a002a69b0d7,0.0
01ceae3977254563a290c52b868f3d6c <-> 83e5b60efe91477fa5f767cdf30c4c01,0.0
f67d4ca6504f4335880b3085f6d0b146 <-> 15673e2d9ef5406f9b18eae317e89913,0.0
c86459218daa44bfa45826ed2fbb42d9 <-> b7f15166066f497eba790e96680de68e,0.0
7448396e800b48649223d2e4798e03e6 <-> b7f15166066f497eba790e96680de68e,0.0
0a29a293ae7f43e6a5678bfe2a6274ad <-> b0ee407dad4248bf90947f496fac7732,0.0
21b882e8509446a99784383db18b7a2b <-> 4921524b856743e7a2c59c048cbca69d,0.0
d566f7d556384bbab22b1d0c564f51e0 <-> 5b8c9002a87349738e8d3ec30cbcf79c,0.0
4ad89a85e6df4c68b5895450f7bd2686 <-> f67d4ca6504f4335880b3085f6d0b146,0.0
12867b57696747a5bbe84751650fba14 <-> 21b882e8509446a99784383db18b7a2b,0.0
d566f7d556384bbab22b1d0c564f51e0 <-> 23c23190cd4a4226a647a2f53b6ae45d,0.0
e0e337cb216f4737aaab72d03b2bcfc2 <-> 0af303ca12f74cffb704f28d649ecb48,0.0
da489fae8b0e4b97bcc05a002a69b0d7 <-> 7448396e800b48649223d2e4798e03e6,0.0
8caf6439fadc4336881e80b5a0c25c7e <-> f2a0d8446e714e19aa12a11e4d527880,0.0
21b882e8509446a99784383db18b7a2b <-> 15673e2d9ef5406f9b18eae317e89913,0.0
8caf6439fadc4336881e80b5a0c25c7e <-> 62830a3beec94e329815936d245b2fe5,0.0
23c23190cd4a4226a647a2f53b6ae45d <-> b0ee407dad4248bf90947f496fac7732,0.0
b91ccfa6aecb40e99b36fe9f0b999fd6 <-> cc0f327c8e504e4a9c5aaff0c0652d71,0.0
506b7918bbe84430b9dd21ddf446aa32 <-> b7f15166066f497eba790e96680de68e,0.0
4d0289dd2d874c19b25af4c021ed65a6 <-> b7f15166066f497eba790e96680de68e,0.0
506b7918bbe84430b9dd21ddf446aa32 <-> 0a29a293ae7f43e6a5678bfe2a6274ad,0.0
cc0f327c8e504e4a9c5aaff0c0652d71 <-> f67d4ca6504f4335880b3085f6d0b146,0.0
da489fae8b0e4b97bcc05a002a69b0d7 <-> 41f52d577cbb4fc095b1e3d0027dcab5,0.0
1a7d6dc174ad45469048cbd580c67e36 <-> 41f52d577cbb4fc095b1e3d0027dcab5,0.0
d24d0dc9413b4dd290e6756f27b8a2a0 <-> c44ee1d61c294b4e857d27b94c3942e5,0.0
4ad89a85e6df4c68b5895450f7bd2686 <-> 83e5b60efe91477fa5f767cdf30c4c01,0.0
8caf6439fadc4336881e80b5a0c25c7e <-> 0af303ca12f74cffb704f28d649ecb48,0.0
23c23190cd4a4226a647a2f53b6ae45d <-> 4d0289dd2d874c19b25af4c021ed65a6,0.0
fe0b5dfab9db4a25b6deddff43e379a0 <-> f67d4ca6504f4335880b3085f6d0b146,0.0
558ad86b82ac47818878f0a45f0fb642 <-> 83e5b60efe91477fa5f767cdf30c4c01,0.0
21b882e8509446a99784383db18b7a2b <-> 4450ad47454540ceacf0a12019624304,0.0
bb305c4c16f9462ca078ef7d25cd9aa9 <-> f2a0d8446e714e19aa12a11e4d527880,0.0
bb305c4c16f9462ca078ef7d25cd9aa9 <-> 23c23190cd4a4226a647a2f53b6ae45d,0.0
b91ccfa6aecb40e99b36fe9f0b999fd6 <-> b0ee407dad4248bf90947f496fac7732,0.0
e0e337cb216f4737aaab72d03b2bcfc2 <-> f2a0d8446e714e19aa12a11e4d527880,0.0
d566f7d556384bbab22b1d0c564f51e0 <-> c86459218daa44bfa45826ed2fbb42d9,0.0
2a27a97bf6b948f4b02f8c278335e6f4 <-> 0af303ca12f74cffb704f28d649ecb48,0.0
21b882e8509446a99784383db18b7a2b <-> 558ad86b82ac47818878f0a45f0fb642,0.0
86141c6c1ca0424199a2b99139be183b <-> a4155b0dd30c4452b9b1ede892030cac,0.0
0b5a4c6356954095b88c0dcc15dc5c5f <-> b0ee407dad4248bf90947f496fac7732,0.0
da489fae8b0e4b97bcc05a002a69b0d7 <-> cc0f327c8e504e4a9c5aaff0c0652d71,0.0
bb305c4c16f9462ca078ef7d25cd9aa9 <-> 4450ad47454540ceacf0a12019624304,0.0
7448396e800b48649223d2e4798e03e6 <-> c44ee1d61c294b4e857d27b94c3942e5,0.0
46484f943b9840568639b5c11cd9c082 <-> b0ee407dad4248bf90947f496fac7732,0.0
86141c6c1ca0424199a2b99139be183b <-> 5b8c9002a87349738e8d3ec30cbcf79c,0.0
8caf6439fadc4336881e80b5a0c25c7e <-> c92b371311024807b0e94bd8ebc14a9f,0.0
0b5a4c6356954095b88c0dcc15dc5c5f <-> f67d4ca6504f4335880b3085f6d0b146,0.0
8caf6439fadc4336881e80b5a0c25c7e <-> 21b882e8509446a99784383db18b7a2b,0.0
b91ccfa6aecb40e99b36fe9f0b999fd6 <-> 2a27a97bf6b948f4b02f8c278335e6f4,0.0
cc0f327c8e504e4a9c5aaff0c0652d71 <-> 0dd6fef1d1284f8f90eb482354f6ed97,0.0
d24d0dc9413b4dd290e6756f27b8a2a0 <-> cc0f327c8e504e4a9c5aaff0c0652d71,0.0
b0ee407dad4248bf90947f496fac7732 <-> 4d0289dd2d874c19b25af4c021ed65a6,0.0
01ceae3977254563a290c52b868f3d6c <-> c92b371311024807b0e94bd8ebc14a9f,0.0
0b5a4c6356954095b88c0dcc15dc5c5f <-> 41f52d577cbb4fc095b1e3d0027dcab5,0.0
12867b57696747a5bbe84751650fba14 <-> d24d0dc9413b4dd290e6756f27b8a2a0,0.0
506b7918bbe84430b9dd21ddf446aa32 <-> c92b371311024807b0e94bd8ebc14a9f,0.0
b0ee407dad4248bf90947f496fac7732 <-> 41f52d577cbb4fc095b1e3d0027dcab5,0.0
506b7918bbe84430b9dd21ddf446aa32 <-> 90133ae2cd594306be2dd7e8366a98a9,0.0
8caf6439fadc4336881e80b5a0c25c7e <-> 0a29a293ae7f43e6a5678bfe2a6274ad,0.0
46484f943b9840568639b5c11cd9c082 <-> 558ad86b82ac47818878f0a45f0fb642,0.0
46484f943b9840568639b5c11cd9c082 <-> b7f15166066f497eba790e96680de68e,0.0
4ad89a85e6df4c68b5895450f7bd2686 <-> 4d0289dd2d874c19b25af4c021ed65a6,0.0
c92b371311024807b0e94bd8ebc14a9f <-> 558ad86b82ac47818878f0a45f0fb642,0.0
423b36c01e15449889aefcb350fc9293 <-> b7f15166066f497eba790e96680de68e,0.0
23c23190cd4a4226a647a2f53b6ae45d <-> 1a7d6dc174ad45469048cbd580c67e36,0.0
da489fae8b0e4b97bcc05a002a69b0d7 <-> f67d4ca6504f4335880b3085f6d0b146,0.0
423d8562e18e4da8b8bc44a817e759c2 <-> f67d4ca6504f4335880b3085f6d0b146,0.0
01ceae3977254563a290c52b868f3d6c <-> 2a27a97bf6b948f4b02f8c278335e6f4,0.0
21b882e8509446a99784383db18b7a2b <-> fe0b5dfab9db4a25b6deddff43e379a0,0.0
5b8c9002a87349738e8d3ec30cbcf79c <-> b7f15166066f497eba790e96680de68e,0.0
bb305c4c16f9462ca078ef7d25cd9aa9 <-> cc0f327c8e504e4a9c5aaff0c0652d71,0.0
46484f943b9840568639b5c11cd9c082 <-> fe0b5dfab9db4a25b6deddff43e379a0,0.0
46484f943b9840568639b5c11cd9c082 <-> 15673e2d9ef5406f9b18eae317e89913,0.0
4450ad47454540ceacf0a12019624304 <-> 2a27a97bf6b948f4b02f8c278335e6f4,0.0
21b882e8509446a99784383db18b7a2b <-> c86459218daa44bfa45826ed2fbb42d9,0.0
23c23190cd4a4226a647a2f53b6ae45d <-> 4921524b856743e7a2c59c048cbca69d,0.0
f2a0d8446e714e19aa12a11e4d527880 <-> 2a27a97bf6b948f4b02f8c278335e6f4,0.0
d566f7d556384bbab22b1d0c564f51e0 <-> d24d0dc9413b4dd290e6756f27b8a2a0,0.0
fe0b5dfab9db4a25b6deddff43e379a0 <-> b0ee407dad4248bf90947f496fac7732,0.0
fe0b5dfab9db4a25b6deddff43e379a0 <-> c86459218daa44bfa45826ed2fbb42d9,0.0
d566f7d556384bbab22b1d0c564f51e0 <-> 41f52d577cbb4fc095b1e3d0027dcab5,0.0
86141c6c1ca0424199a2b99139be183b <-> 4921524b856743e7a2c59c048cbca69d,0.0
506b7918bbe84430b9dd21ddf446aa32 <-> c86459218daa44bfa45826ed2fbb42d9,0.0
90133ae2cd594306be2dd7e8366a98a9 <-> c92b371311024807b0e94bd8ebc14a9f,0.0
c86459218daa44bfa45826ed2fbb42d9 <-> f67d4ca6504f4335880b3085f6d0b146,0.0
90133ae2cd594306be2dd7e8366a98a9 <-> 8caf6439fadc4336881e80b5a0c25c7e,0.0
d566f7d556384bbab22b1d0c564f51e0 <-> 62830a3beec94e329815936d245b2fe5,0.0
46484f943b9840568639b5c11cd9c082 <-> 5b8c9002a87349738e8d3ec30cbcf79c,0.0
0a29a293ae7f43e6a5678bfe2a6274ad <-> c86459218daa44bfa45826ed2fbb42d9,0.0
a4155b0dd30c4452b9b1ede892030cac <-> 2a27a97bf6b948f4b02f8c278335e6f4,0.0
da489fae8b0e4b97bcc05a002a69b0d7 <-> 21b882e8509446a99784383db18b7a2b,0.0
d24d0dc9413b4dd290e6756f27b8a2a0 <-> 0dd6fef1d1284f8f90eb482354f6ed97,0.0
c86459218daa44bfa45826ed2fbb42d9 <-> 558ad86b82ac47818878f0a45f0fb642,0.0
0b5a4c6356954095b88c0dcc15dc5c5f <-> b7f15166066f497eba790e96680de68e,0.0
46484f943b9840568639b5c11cd9c082 <-> c44ee1d61c294b4e857d27b94c3942e5,0.0
b91ccfa6aecb40e99b36fe9f0b999fd6 <-> 41f52d577cbb4fc095b1e3d0027dcab5,0.0
506b7918bbe84430b9dd21ddf446aa32 <-> d24d0dc9413b4dd290e6756f27b8a2a0,0.0
d566f7d556384bbab22b1d0c564f51e0 <-> c44ee1d61c294b4e857d27b94c3942e5,0.0
a4155b0dd30c4452b9b1ede892030cac <-> b7f15166066f497eba790e96680de68e,0.0
0a29a293ae7f43e6a5678bfe2a6274ad <-> 4d0289dd2d874c19b25af4c021ed65a6,0.0
b91ccfa6aecb40e99b36fe9f0b999fd6 <-> d24d0dc9413b4dd290e6756f27b8a2a0,0.0
b91ccfa6aecb40e99b36fe9f0b999fd6 <-> 86141c6c1ca0424199a2b99139be183b,0.0
bb305c4c16f9462ca078ef7d25cd9aa9 <-> 1a7d6dc174ad45469048cbd580c67e36,0.0
86141c6c1ca0424199a2b99139be183b <-> 0a29a293ae7f43e6a5678bfe2a6274ad,0.0
c92b371311024807b0e94bd8ebc14a9f <-> 23c23190cd4a4226a647a2f53b6ae45d,0.0
d566f7d556384bbab22b1d0c564f51e0 <-> 423b36c01e15449889aefcb350fc9293,0.0
90133ae2cd594306be2dd7e8366a98a9 <-> f67d4ca6504f4335880b3085f6d0b146,0.0
8caf6439fadc4336881e80b5a0c25c7e <-> fe0b5dfab9db4a25b6deddff43e379a0,0.0
c86459218daa44bfa45826ed2fbb42d9 <-> 4450ad47454540ceacf0a12019624304,0.0
a4155b0dd30c4452b9b1ede892030cac <-> 0dd6fef1d1284f8f90eb482354f6ed97,0.0
23c23190cd4a4226a647a2f53b6ae45d <-> 62830a3beec94e329815936d245b2fe5,0.0
01ceae3977254563a290c52b868f3d6c <-> e0e337cb216f4737aaab72d03b2bcfc2,0.0
21b882e8509446a99784383db18b7a2b <-> 86141c6c1ca0424199a2b99139be183b,0.0
7448396e800b48649223d2e4798e03e6 <-> 4921524b856743e7a2c59c048cbca69d,0.0
12867b57696747a5bbe84751650fba14 <-> cc0f327c8e504e4a9c5aaff0c0652d71,0.0
90133ae2cd594306be2dd7e8366a98a9 <-> 86141c6c1ca0424199a2b99139be183b,0.0
4921524b856743e7a2c59c048cbca69d <-> b7f15166066f497eba790e96680de68e,0.0
d566f7d556384bbab22b1d0c564f51e0 <-> f2a0d8446e714e19aa12a11e4d527880,0.0
5b8c9002a87349738e8d3ec30cbcf79c <-> 2a27a97bf6b948f4b02f8c278335e6f4,0.0
c86459218daa44bfa45826ed2fbb42d9 <-> 1a7d6dc174ad45469048cbd580c67e36,0.0
86141c6c1ca0424199a2b99139be183b <-> 7448396e800b48649223d2e4798e03e6,0.0
bb305c4c16f9462ca078ef7d25cd9aa9 <-> c92b371311024807b0e94bd8ebc14a9f,0.0
46484f943b9840568639b5c11cd9c082 <-> da489fae8b0e4b97bcc05a002a69b0d7,0.0
f2a0d8446e714e19aa12a11e4d527880 <-> 4450ad47454540ceacf0a12019624304,0.0
12867b57696747a5bbe84751650fba14 <-> 1a7d6dc174ad45469048cbd580c67e36,0.0
46484f943b9840568639b5c11cd9c082 <-> 83e5b60efe91477fa5f767cdf30c4c01,0.0
7448396e800b48649223d2e4798e03e6 <-> d24d0dc9413b4dd290e6756f27b8a2a0,0.0
423d8562e18e4da8b8bc44a817e759c2 <-> bb305c4c16f9462ca078ef7d25cd9aa9,0.0
0b5a4c6356954095b88c0dcc15dc5c5f <-> 86141c6c1ca0424199a2b99139be183b,0.0
506b7918bbe84430b9dd21ddf446aa32 <-> c44ee1d61c294b4e857d27b94c3942e5,0.0
da489fae8b0e4b97bcc05a002a69b0d7 <-> b0ee407dad4248bf90947f496fac7732,0.0
5b8c9002a87349738e8d3ec30cbcf79c <-> 62830a3beec94e329815936d245b2fe5,0.0
23c23190cd4a4226a647a2f53b6ae45d <-> 4ad89a85e6df4c68b5895450f7bd2686,0.0
fe0b5dfab9db4a25b6deddff43e379a0 <-> 5b8c9002a87349738e8d3ec30cbcf79c,0.0
506b7918bbe84430b9dd21ddf446aa32 <-> f67d4ca6504f4335880b3085f6d0b146,0.0
b91ccfa6aecb40e99b36fe9f0b999fd6 <-> bb305c4c16f9462ca078ef7d25cd9aa9,0.0
62830a3beec94e329815936d245b2fe5 <-> 2a27a97bf6b948f4b02f8c278335e6f4,0.0
bb305c4c16f9462ca078ef7d25cd9aa9 <-> 0dd6fef1d1284f8f90eb482354f6ed97,0.0
12867b57696747a5bbe84751650fba14 <-> 4d0289dd2d874c19b25af4c021ed65a6,0.0
c44ee1d61c294b4e857d27b94c3942e5 <-> 41f52d577cbb4fc095b1e3d0027dcab5,0.0
423d8562e18e4da8b8bc44a817e759c2 <-> 4d0289dd2d874c19b25af4c021ed65a6,0.0
21b882e8509446a99784383db18b7a2b <-> 5b8c9002a87349738e8d3ec30cbcf79c,0.0
c86459218daa44bfa45826ed2fbb42d9 <-> 41f52d577cbb4fc095b1e3d0027dcab5,0.0
423d8562e18e4da8b8bc44a817e759c2 <-> c92b371311024807b0e94bd8ebc14a9f,0.0
12867b57696747a5bbe84751650fba14 <-> 15673e2d9ef5406f9b18eae317e89913,0.0
506b7918bbe84430b9dd21ddf446aa32 <-> 7448396e800b48649223d2e4798e03e6,0.0
f2a0d8446e714e19aa12a11e4d527880 <-> f67d4ca6504f4335880b3085f6d0b146,0.0
23c23190cd4a4226a647a2f53b6ae45d <-> 5b8c9002a87349738e8d3ec30cbcf79c,0.0
0b5a4c6356954095b88c0dcc15dc5c5f <-> 4921524b856743e7a2c59c048cbca69d,0.0
cc0f327c8e504e4a9c5aaff0c0652d71 <-> b7f15166066f497eba790e96680de68e,0.0
41f52d577cbb4fc095b1e3d0027dcab5 <-> 15673e2d9ef5406f9b18eae317e89913,0.0
da489fae8b0e4b97bcc05a002a69b0d7 <-> b7f15166066f497eba790e96680de68e,0.0
01ceae3977254563a290c52b868f3d6c <-> 12867b57696747a5bbe84751650fba14,0.0
fe0b5dfab9db4a25b6deddff43e379a0 <-> 41f52d577cbb4fc095b1e3d0027dcab5,0.0
f67d4ca6504f4335880b3085f6d0b146 <-> 423b36c01e15449889aefcb350fc9293,0.0
b91ccfa6aecb40e99b36fe9f0b999fd6 <-> c86459218daa44bfa45826ed2fbb42d9,0.0
23c23190cd4a4226a647a2f53b6ae45d <-> f67d4ca6504f4335880b3085f6d0b146,0.0
cc0f327c8e504e4a9c5aaff0c0652d71 <-> 62830a3beec94e329815936d245b2fe5,0.0
90133ae2cd594306be2dd7e8366a98a9 <-> bb305c4c16f9462ca078ef7d25cd9aa9,0.0
cc0f327c8e504e4a9c5aaff0c0652d71 <-> 4d0289dd2d874c19b25af4c021ed65a6,0.0
21b882e8509446a99784383db18b7a2b <-> 4d0289dd2d874c19b25af4c021ed65a6,0.0
83e5b60efe91477fa5f767cdf30c4c01 <-> a4155b0dd30c4452b9b1ede892030cac,0.0
5b8c9002a87349738e8d3ec30cbcf79c <-> cc0f327c8e504e4a9c5aaff0c0652d71,0.0
8caf6439fadc4336881e80b5a0c25c7e <-> 4450ad47454540ceacf0a12019624304,0.0
4921524b856743e7a2c59c048cbca69d <-> 4d0289dd2d874c19b25af4c021ed65a6,0.0
21b882e8509446a99784383db18b7a2b <-> 423b36c01e15449889aefcb350fc9293,0.0
2a27a97bf6b948f4b02f8c278335e6f4 <-> b7f15166066f497eba790e96680de68e,0.0
86141c6c1ca0424199a2b99139be183b <-> cc0f327c8e504e4a9c5aaff0c0652d71,0.0
4450ad47454540ceacf0a12019624304 <-> 62830a3beec94e329815936d245b2fe5,0.0
90133ae2cd594306be2dd7e8366a98a9 <-> 46484f943b9840568639b5c11cd9c082,0.0
83e5b60efe91477fa5f767cdf30c4c01 <-> 41f52d577cbb4fc095b1e3d0027dcab5,0.0
0a29a293ae7f43e6a5678bfe2a6274ad <-> 41f52d577cbb4fc095b1e3d0027dcab5,0.0
1a7d6dc174ad45469048cbd580c67e36 <-> 423b36c01e15449889aefcb350fc9293,0.0
21b882e8509446a99784383db18b7a2b <-> 0a29a293ae7f43e6a5678bfe2a6274ad,0.0
f67d4ca6504f4335880b3085f6d0b146 <-> 83e5b60efe91477fa5f767cdf30c4c01,0.0
e0e337cb216f4737aaab72d03b2bcfc2 <-> 5b8c9002a87349738e8d3ec30cbcf79c,0.0
f2a0d8446e714e19aa12a11e4d527880 <-> 15673e2d9ef5406f9b18eae317e89913,0.0
0b5a4c6356954095b88c0dcc15dc5c5f <-> e0e337cb216f4737aaab72d03b2bcfc2,0.0
bb305c4c16f9462ca078ef7d25cd9aa9 <-> 0af303ca12f74cffb704f28d649ecb48,0.0
cc0f327c8e504e4a9c5aaff0c0652d71 <-> 423b36c01e15449889aefcb350fc9293,0.0
c86459218daa44bfa45826ed2fbb42d9 <-> 4d0289dd2d874c19b25af4c021ed65a6,0.0
12867b57696747a5bbe84751650fba14 <-> bb305c4c16f9462ca078ef7d25cd9aa9,0.0
b91ccfa6aecb40e99b36fe9f0b999fd6 <-> 21b882e8509446a99784383db18b7a2b,0.0
f2a0d8446e714e19aa12a11e4d527880 <-> a4155b0dd30c4452b9b1ede892030cac,0.0
f2a0d8446e714e19aa12a11e4d527880 <-> cc0f327c8e504e4a9c5aaff0c0652d71,0.0
86141c6c1ca0424199a2b99139be183b <-> d24d0dc9413b4dd290e6756f27b8a2a0,0.0
c86459218daa44bfa45826ed2fbb42d9 <-> cc0f327c8e504e4a9c5aaff0c0652d71,0.0
0a29a293ae7f43e6a5678bfe2a6274ad <-> 2a27a97bf6b948f4b02f8c278335e6f4,0.0
86141c6c1ca0424199a2b99139be183b <-> 558ad86b82ac47818878f0a45f0fb642,0.0
8caf6439fadc4336881e80b5a0c25c7e <-> c86459218daa44bfa45826ed2fbb42d9,0.0
c92b371311024807b0e94bd8ebc14a9f <-> b0ee407dad4248bf90947f496fac7732,0.0
c86459218daa44bfa45826ed2fbb42d9 <-> 62830a3beec94e329815936d245b2fe5,0.0
c44ee1d61c294b4e857d27b94c3942e5 <-> 15673e2d9ef5406f9b18eae317e89913,0.0
bb305c4c16f9462ca078ef7d25cd9aa9 <-> c44ee1d61c294b4e857d27b94c3942e5,0.0
12867b57696747a5bbe84751650fba14 <-> 8caf6439fadc4336881e80b5a0c25c7e,0.0
4d0289dd2d874c19b25af4c021ed65a6 <-> 0dd6fef1d1284f8f90eb482354f6ed97,0.0
90133ae2cd594306be2dd7e8366a98a9 <-> cc0f327c8e504e4a9c5aaff0c0652d71,0.0
12867b57696747a5bbe84751650fba14 <-> b7f15166066f497eba790e96680de68e,0.0
01ceae3977254563a290c52b868f3d6c <-> 41f52d577cbb4fc095b1e3d0027dcab5,0.0
b0ee407dad4248bf90947f496fac7732 <-> 83e5b60efe91477fa5f767cdf30c4c01,0.0
c92b371311024807b0e94bd8ebc14a9f <-> 5b8c9002a87349738e8d3ec30cbcf79c,0.0
12867b57696747a5bbe84751650fba14 <-> e0e337cb216f4737aaab72d03b2bcfc2,0.0
506b7918bbe84430b9dd21ddf446aa32 <-> bb305c4c16f9462ca078ef7d25cd9aa9,0.0
23c23190cd4a4226a647a2f53b6ae45d <-> a4155b0dd30c4452b9b1ede892030cac,0.0
7448396e800b48649223d2e4798e03e6 <-> 41f52d577cbb4fc095b1e3d0027dcab5,0.0
558ad86b82ac47818878f0a45f0fb642 <-> 41f52d577cbb4fc095b1e3d0027dcab5,0.0
c92b371311024807b0e94bd8ebc14a9f <-> b7f15166066f497eba790e96680de68e,0.0
c44ee1d61c294b4e857d27b94c3942e5 <-> b7f15166066f497eba790e96680de68e,0.0
01ceae3977254563a290c52b868f3d6c <-> f67d4ca6504f4335880b3085f6d0b146,0.0
d566f7d556384bbab22b1d0c564f51e0 <-> cc0f327c8e504e4a9c5aaff0c0652d71,0.0
d24d0dc9413b4dd290e6756f27b8a2a0 <-> 41f52d577cbb4fc095b1e3d0027dcab5,0.0
da489fae8b0e4b97bcc05a002a69b0d7 <-> 4450ad47454540ceacf0a12019624304,0.0
90133ae2cd594306be2dd7e8366a98a9 <-> 2a27a97bf6b948f4b02f8c278335e6f4,0.0
506b7918bbe84430b9dd21ddf446aa32 <-> da489fae8b0e4b97bcc05a002a69b0d7,0.0
f2a0d8446e714e19aa12a11e4d527880 <-> 4921524b856743e7a2c59c048cbca69d,0.0
12867b57696747a5bbe84751650fba14 <-> 4450ad47454540ceacf0a12019624304,0.0
423d8562e18e4da8b8bc44a817e759c2 <-> d24d0dc9413b4dd290e6756f27b8a2a0,0.0
558ad86b82ac47818878f0a45f0fb642 <-> a4155b0dd30c4452b9b1ede892030cac,0.0
8caf6439fadc4336881e80b5a0c25c7e <-> 1a7d6dc174ad45469048cbd580c67e36,0.0
c86459218daa44bfa45826ed2fbb42d9 <-> 423b36c01e15449889aefcb350fc9293,0.0
cc0f327c8e504e4a9c5aaff0c0652d71 <-> 2a27a97bf6b948f4b02f8c278335e6f4,0.0
fe0b5dfab9db4a25b6deddff43e379a0 <-> 2a27a97bf6b948f4b02f8c278335e6f4,0.0
e0e337cb216f4737aaab72d03b2bcfc2 <-> a4155b0dd30c4452b9b1ede892030cac,0.0
21b882e8509446a99784383db18b7a2b <-> 62830a3beec94e329815936d245b2fe5,0.0
01ceae3977254563a290c52b868f3d6c <-> c44ee1d61c294b4e857d27b94c3942e5,0.0
d24d0dc9413b4dd290e6756f27b8a2a0 <-> b0ee407dad4248bf90947f496fac7732,0.0
cc0f327c8e504e4a9c5aaff0c0652d71 <-> 15673e2d9ef5406f9b18eae317e89913,0.0
01ceae3977254563a290c52b868f3d6c <-> 86141c6c1ca0424199a2b99139be183b,0.0
7448396e800b48649223d2e4798e03e6 <-> 83e5b60efe91477fa5f767cdf30c4c01,0.0
506b7918bbe84430b9dd21ddf446aa32 <-> 558ad86b82ac47818878f0a45f0fb642,0.0
21b882e8509446a99784383db18b7a2b <-> cc0f327c8e504e4a9c5aaff0c0652d71,0.0
46484f943b9840568639b5c11cd9c082 <-> 62830a3beec94e329815936d245b2fe5,0.0
c44ee1d61c294b4e857d27b94c3942e5 <-> 0af303ca12f74cffb704f28d649ecb48,0.0
423d8562e18e4da8b8bc44a817e759c2 <-> 8caf6439fadc4336881e80b5a0c25c7e,0.0
fe0b5dfab9db4a25b6deddff43e379a0 <-> 15673e2d9ef5406f9b18eae317e89913,0.0
01ceae3977254563a290c52b868f3d6c <-> 8caf6439fadc4336881e80b5a0c25c7e,0.0
423d8562e18e4da8b8bc44a817e759c2 <-> 15673e2d9ef5406f9b18eae317e89913,0.0
23c23190cd4a4226a647a2f53b6ae45d <-> 15673e2d9ef5406f9b18eae317e89913,0.0
506b7918bbe84430b9dd21ddf446aa32 <-> d566f7d556384bbab22b1d0c564f51e0,0.0
86141c6c1ca0424199a2b99139be183b <-> 62830a3beec94e329815936d245b2fe5,0.0
c92b371311024807b0e94bd8ebc14a9f <-> 83e5b60efe91477fa5f767cdf30c4c01,0.0
bb305c4c16f9462ca078ef7d25cd9aa9 <-> 62830a3beec94e329815936d245b2fe5,0.0
90133ae2cd594306be2dd7e8366a98a9 <-> d24d0dc9413b4dd290e6756f27b8a2a0,0.0
f67d4ca6504f4335880b3085f6d0b146 <-> 62830a3beec94e329815936d245b2fe5,0.0
bb305c4c16f9462ca078ef7d25cd9aa9 <-> b0ee407dad4248bf90947f496fac7732,0.0
fe0b5dfab9db4a25b6deddff43e379a0 <-> 83e5b60efe91477fa5f767cdf30c4c01,0.0
f2a0d8446e714e19aa12a11e4d527880 <-> d24d0dc9413b4dd290e6756f27b8a2a0,0.0
506b7918bbe84430b9dd21ddf446aa32 <-> fe0b5dfab9db4a25b6deddff43e379a0,0.0
0b5a4c6356954095b88c0dcc15dc5c5f <-> 5b8c9002a87349738e8d3ec30cbcf79c,0.0
b91ccfa6aecb40e99b36fe9f0b999fd6 <-> 83e5b60efe91477fa5f767cdf30c4c01,0.0
8caf6439fadc4336881e80b5a0c25c7e <-> 5b8c9002a87349738e8d3ec30cbcf79c,0.0
0a29a293ae7f43e6a5678bfe2a6274ad <-> c92b371311024807b0e94bd8ebc14a9f,0.0
0b5a4c6356954095b88c0dcc15dc5c5f <-> f2a0d8446e714e19aa12a11e4d527880,0.0
4921524b856743e7a2c59c048cbca69d <-> 1a7d6dc174ad45469048cbd580c67e36,0.0
8caf6439fadc4336881e80b5a0c25c7e <-> 0dd6fef1d1284f8f90eb482354f6ed97,0.0
c86459218daa44bfa45826ed2fbb42d9 <-> 4ad89a85e6df4c68b5895450f7bd2686,0.0
bb305c4c16f9462ca078ef7d25cd9aa9 <-> 4ad89a85e6df4c68b5895450f7bd2686,0.0
0b5a4c6356954095b88c0dcc15dc5c5f <-> 12867b57696747a5bbe84751650fba14,0.0
8caf6439fadc4336881e80b5a0c25c7e <-> 4921524b856743e7a2c59c048cbca69d,0.0
fe0b5dfab9db4a25b6deddff43e379a0 <-> 4921524b856743e7a2c59c048cbca69d,0.0
46484f943b9840568639b5c11cd9c082 <-> 7448396e800b48649223d2e4798e03e6,0.0
c86459218daa44bfa45826ed2fbb42d9 <-> 15673e2d9ef5406f9b18eae317e89913,0.0
c86459218daa44bfa45826ed2fbb42d9 <-> 4921524b856743e7a2c59c048cbca69d,0.0
4921524b856743e7a2c59c048cbca69d <-> 0dd6fef1d1284f8f90eb482354f6ed97,0.0
c92b371311024807b0e94bd8ebc14a9f <-> 62830a3beec94e329815936d245b2fe5,0.0
423d8562e18e4da8b8bc44a817e759c2 <-> b0ee407dad4248bf90947f496fac7732,0.0
01ceae3977254563a290c52b868f3d6c <-> 21b882e8509446a99784383db18b7a2b,0.0
01ceae3977254563a290c52b868f3d6c <-> cc0f327c8e504e4a9c5aaff0c0652d71,0.0
4450ad47454540ceacf0a12019624304 <-> 4d0289dd2d874c19b25af4c021ed65a6,0.0
c44ee1d61c294b4e857d27b94c3942e5 <-> 4d0289dd2d874c19b25af4c021ed65a6,0.0
506b7918bbe84430b9dd21ddf446aa32 <-> 423d8562e18e4da8b8bc44a817e759c2,0.0
86141c6c1ca0424199a2b99139be183b <-> 0af303ca12f74cffb704f28d649ecb48,0.0
506b7918bbe84430b9dd21ddf446aa32 <-> 2a27a97bf6b948f4b02f8c278335e6f4,0.0
e0e337cb216f4737aaab72d03b2bcfc2 <-> 1a7d6dc174ad45469048cbd580c67e36,0.0
b91ccfa6aecb40e99b36fe9f0b999fd6 <-> b7f15166066f497eba790e96680de68e,0.0
1a7d6dc174ad45469048cbd580c67e36 <-> 83e5b60efe91477fa5f767cdf30c4c01,0.0
0a29a293ae7f43e6a5678bfe2a6274ad <-> d24d0dc9413b4dd290e6756f27b8a2a0,0.0
f2a0d8446e714e19aa12a11e4d527880 <-> c86459218daa44bfa45826ed2fbb42d9,0.0
8caf6439fadc4336881e80b5a0c25c7e <-> 86141c6c1ca0424199a2b99139be183b,0.0
f2a0d8446e714e19aa12a11e4d527880 <-> c44ee1d61c294b4e857d27b94c3942e5,0.0
c92b371311024807b0e94bd8ebc14a9f <-> cc0f327c8e504e4a9c5aaff0c0652d71,0.0
d566f7d556384bbab22b1d0c564f51e0 <-> 0a29a293ae7f43e6a5678bfe2a6274ad,0.0
4d0289dd2d874c19b25af4c021ed65a6 <-> 15673e2d9ef5406f9b18eae317e89913,0.0
7448396e800b48649223d2e4798e03e6 <-> c86459218daa44bfa45826ed2fbb42d9,0.0
21b882e8509446a99784383db18b7a2b <-> c92b371311024807b0e94bd8ebc14a9f,0.0
5b8c9002a87349738e8d3ec30cbcf79c <-> 1a7d6dc174ad45469048cbd580c67e36,0.0
c86459218daa44bfa45826ed2fbb42d9 <-> 0dd6fef1d1284f8f90eb482354f6ed97,0.0
423d8562e18e4da8b8bc44a817e759c2 <-> 5b8c9002a87349738e8d3ec30cbcf79c,0.0
b0ee407dad4248bf90947f496fac7732 <-> 4ad89a85e6df4c68b5895450f7bd2686,0.0
e0e337cb216f4737aaab72d03b2bcfc2 <-> 83e5b60efe91477fa5f767cdf30c4c01,0.0
c92b371311024807b0e94bd8ebc14a9f <-> 4ad89a85e6df4c68b5895450f7bd2686,0.0
86141c6c1ca0424199a2b99139be183b <-> bb305c4c16f9462ca078ef7d25cd9aa9,0.0
d566f7d556384bbab22b1d0c564f51e0 <-> 8caf6439fadc4336881e80b5a0c25c7e,0.0
423d8562e18e4da8b8bc44a817e759c2 <-> c86459218daa44bfa45826ed2fbb42d9,0.0
8caf6439fadc4336881e80b5a0c25c7e <-> 4ad89a85e6df4c68b5895450f7bd2686,0.0
423d8562e18e4da8b8bc44a817e759c2 <-> a4155b0dd30c4452b9b1ede892030cac,0.0
8caf6439fadc4336881e80b5a0c25c7e <-> 15673e2d9ef5406f9b18eae317e89913,0.0
fe0b5dfab9db4a25b6deddff43e379a0 <-> 4d0289dd2d874c19b25af4c021ed65a6,0.0
86141c6c1ca0424199a2b99139be183b <-> fe0b5dfab9db4a25b6deddff43e379a0,0.0
da489fae8b0e4b97bcc05a002a69b0d7 <-> 4ad89a85e6df4c68b5895450f7bd2686,0.0
2a27a97bf6b948f4b02f8c278335e6f4 <-> 15673e2d9ef5406f9b18eae317e89913,0.0
21b882e8509446a99784383db18b7a2b <-> 7448396e800b48649223d2e4798e03e6,0.0
86141c6c1ca0424199a2b99139be183b <-> 83e5b60efe91477fa5f767cdf30c4c01,0.0
bb305c4c16f9462ca078ef7d25cd9aa9 <-> e0e337cb216f4737aaab72d03b2bcfc2,0.0
0a29a293ae7f43e6a5678bfe2a6274ad <-> 4921524b856743e7a2c59c048cbca69d,0.03225806451612903
01ceae3977254563a290c52b868f3d6c <-> 0a29a293ae7f43e6a5678bfe2a6274ad,0.03225806451612903
0b5a4c6356954095b88c0dcc15dc5c5f <-> 0a29a293ae7f43e6a5678bfe2a6274ad,0.03225806451612903
0a29a293ae7f43e6a5678bfe2a6274ad <-> 83e5b60efe91477fa5f767cdf30c4c01,0.03225806451612903
0a29a293ae7f43e6a5678bfe2a6274ad <-> 4450ad47454540ceacf0a12019624304,0.03225806451612903
12867b57696747a5bbe84751650fba14 <-> 0a29a293ae7f43e6a5678bfe2a6274ad,0.06451612903225806
0a29a293ae7f43e6a5678bfe2a6274ad <-> fe0b5dfab9db4a25b6deddff43e379a0,0.06451612903225806
0a29a293ae7f43e6a5678bfe2a6274ad <-> f2a0d8446e714e19aa12a11e4d527880,0.06451612903225806
423d8562e18e4da8b8bc44a817e759c2 <-> 0a29a293ae7f43e6a5678bfe2a6274ad,0.06451612903225806
0a29a293ae7f43e6a5678bfe2a6274ad <-> 423b36c01e15449889aefcb350fc9293,0.06451612903225806
b91ccfa6aecb40e99b36fe9f0b999fd6 <-> 0af303ca12f74cffb704f28d649ecb48,0.08333333333333333
4ad89a85e6df4c68b5895450f7bd2686 <-> 0af303ca12f74cffb704f28d649ecb48,0.08333333333333333
423b36c01e15449889aefcb350fc9293 <-> 0af303ca12f74cffb704f28d649ecb48,0.09090909090909091
558ad86b82ac47818878f0a45f0fb642 <-> 0dd6fef1d1284f8f90eb482354f6ed97,0.09090909090909091
fe0b5dfab9db4a25b6deddff43e379a0 <-> 0af303ca12f74cffb704f28d649ecb48,0.09090909090909091
12867b57696747a5bbe84751650fba14 <-> 0af303ca12f74cffb704f28d649ecb48,0.09090909090909091
b91ccfa6aecb40e99b36fe9f0b999fd6 <-> 0a29a293ae7f43e6a5678bfe2a6274ad,0.0967741935483871
0a29a293ae7f43e6a5678bfe2a6274ad <-> 62830a3beec94e329815936d245b2fe5,0.0967741935483871
0a29a293ae7f43e6a5678bfe2a6274ad <-> 4ad89a85e6df4c68b5895450f7bd2686,0.0967741935483871
7448396e800b48649223d2e4798e03e6 <-> 4ad89a85e6df4c68b5895450f7bd2686,0.1
90133ae2cd594306be2dd7e8366a98a9 <-> 15673e2d9ef5406f9b18eae317e89913,0.1
0b5a4c6356954095b88c0dcc15dc5c5f <-> 0af303ca12f74cffb704f28d649ecb48,0.1
01ceae3977254563a290c52b868f3d6c <-> 0af303ca12f74cffb704f28d649ecb48,0.1
7448396e800b48649223d2e4798e03e6 <-> fe0b5dfab9db4a25b6deddff43e379a0,0.1111111111111111
558ad86b82ac47818878f0a45f0fb642 <-> 15673e2d9ef5406f9b18eae317e89913,0.1111111111111111
b91ccfa6aecb40e99b36fe9f0b999fd6 <-> 0dd6fef1d1284f8f90eb482354f6ed97,0.1111111111111111
12867b57696747a5bbe84751650fba14 <-> 7448396e800b48649223d2e4798e03e6,0.1111111111111111
7448396e800b48649223d2e4798e03e6 <-> 423b36c01e15449889aefcb350fc9293,0.1111111111111111
4ad89a85e6df4c68b5895450f7bd2686 <-> 0dd6fef1d1284f8f90eb482354f6ed97,0.1111111111111111
90133ae2cd594306be2dd7e8366a98a9 <-> 62830a3beec94e329815936d245b2fe5,0.125
0a29a293ae7f43e6a5678bfe2a6274ad <-> 15673e2d9ef5406f9b18eae317e89913,0.125
f2a0d8446e714e19aa12a11e4d527880 <-> 0dd6fef1d1284f8f90eb482354f6ed97,0.125
423d8562e18e4da8b8bc44a817e759c2 <-> 0dd6fef1d1284f8f90eb482354f6ed97,0.125
1a7d6dc174ad45469048cbd580c67e36 <-> 15673e2d9ef5406f9b18eae317e89913,0.125
01ceae3977254563a290c52b868f3d6c <-> 7448396e800b48649223d2e4798e03e6,0.125
fe0b5dfab9db4a25b6deddff43e379a0 <-> 0dd6fef1d1284f8f90eb482354f6ed97,0.125
0a29a293ae7f43e6a5678bfe2a6274ad <-> 1a7d6dc174ad45469048cbd580c67e36,0.12903225806451613
4ad89a85e6df4c68b5895450f7bd2686 <-> 15673e2d9ef5406f9b18eae317e89913,0.14285714285714285
0b5a4c6356954095b88c0dcc15dc5c5f <-> 0dd6fef1d1284f8f90eb482354f6ed97,0.14285714285714285
01ceae3977254563a290c52b868f3d6c <-> 0dd6fef1d1284f8f90eb482354f6ed97,0.14285714285714285
90133ae2cd594306be2dd7e8366a98a9 <-> fe0b5dfab9db4a25b6deddff43e379a0,0.14285714285714285
90133ae2cd594306be2dd7e8366a98a9 <-> 12867b57696747a5bbe84751650fba14,0.14285714285714285
b91ccfa6aecb40e99b36fe9f0b999fd6 <-> 15673e2d9ef5406f9b18eae317e89913,0.14285714285714285
558ad86b82ac47818878f0a45f0fb642 <-> 62830a3beec94e329815936d245b2fe5,0.14285714285714285
62830a3beec94e329815936d245b2fe5 <-> 15673e2d9ef5406f9b18eae317e89913,0.14285714285714285
558ad86b82ac47818878f0a45f0fb642 <-> 0af303ca12f74cffb704f28d649ecb48,0.15384615384615385
0a29a293ae7f43e6a5678bfe2a6274ad <-> 558ad86b82ac47818878f0a45f0fb642,0.16129032258064516
b91ccfa6aecb40e99b36fe9f0b999fd6 <-> 1a7d6dc174ad45469048cbd580c67e36,0.16666666666666666
423b36c01e15449889aefcb350fc9293 <-> 15673e2d9ef5406f9b18eae317e89913,0.16666666666666666
90133ae2cd594306be2dd7e8366a98a9 <-> 4921524b856743e7a2c59c048cbca69d,0.16666666666666666
90133ae2cd594306be2dd7e8366a98a9 <-> 4450ad47454540ceacf0a12019624304,0.16666666666666666
fe0b5dfab9db4a25b6deddff43e379a0 <-> 558ad86b82ac47818878f0a45f0fb642,0.16666666666666666
90133ae2cd594306be2dd7e8366a98a9 <-> 83e5b60efe91477fa5f767cdf30c4c01,0.16666666666666666
90133ae2cd594306be2dd7e8366a98a9 <-> 01ceae3977254563a290c52b868f3d6c,0.16666666666666666
1a7d6dc174ad45469048cbd580c67e36 <-> 4ad89a85e6df4c68b5895450f7bd2686,0.16666666666666666
12867b57696747a5bbe84751650fba14 <-> 558ad86b82ac47818878f0a45f0fb642,0.16666666666666666
1a7d6dc174ad45469048cbd580c67e36 <-> 0af303ca12f74cffb704f28d649ecb48,0.16666666666666666
62830a3beec94e329815936d245b2fe5 <-> 0af303ca12f74cffb704f28d649ecb48,0.18181818181818182
90133ae2cd594306be2dd7e8366a98a9 <-> 0dd6fef1d1284f8f90eb482354f6ed97,0.18181818181818182
90133ae2cd594306be2dd7e8366a98a9 <-> 0a29a293ae7f43e6a5678bfe2a6274ad,0.1935483870967742
f2a0d8446e714e19aa12a11e4d527880 <-> 1a7d6dc174ad45469048cbd580c67e36,0.2
4921524b856743e7a2c59c048cbca69d <-> 15673e2d9ef5406f9b18eae317e89913,0.2
fe0b5dfab9db4a25b6deddff43e379a0 <-> 1a7d6dc174ad45469048cbd580c67e36,0.2
4450ad47454540ceacf0a12019624304 <-> 15673e2d9ef5406f9b18eae317e89913,0.2
15673e2d9ef5406f9b18eae317e89913 <-> 0dd6fef1d1284f8f90eb482354f6ed97,0.2
423d8562e18e4da8b8bc44a817e759c2 <-> 1a7d6dc174ad45469048cbd580c67e36,0.2
558ad86b82ac47818878f0a45f0fb642 <-> 4921524b856743e7a2c59c048cbca69d,0.2
f2a0d8446e714e19aa12a11e4d527880 <-> 0af303ca12f74cffb704f28d649ecb48,0.2
558ad86b82ac47818878f0a45f0fb642 <-> 4450ad47454540ceacf0a12019624304,0.2
423d8562e18e4da8b8bc44a817e759c2 <-> 0af303ca12f74cffb704f28d649ecb48,0.2
4ad89a85e6df4c68b5895450f7bd2686 <-> 62830a3beec94e329815936d245b2fe5,0.2
0b5a4c6356954095b88c0dcc15dc5c5f <-> 15673e2d9ef5406f9b18eae317e89913,0.2
7448396e800b48649223d2e4798e03e6 <-> 1a7d6dc174ad45469048cbd580c67e36,0.2
1a7d6dc174ad45469048cbd580c67e36 <-> 0dd6fef1d1284f8f90eb482354f6ed97,0.2222222222222222
7448396e800b48649223d2e4798e03e6 <-> 62830a3beec94e329815936d245b2fe5,0.2222222222222222
b91ccfa6aecb40e99b36fe9f0b999fd6 <-> 7448396e800b48649223d2e4798e03e6,0.2222222222222222
0a29a293ae7f43e6a5678bfe2a6274ad <-> 0dd6fef1d1284f8f90eb482354f6ed97,0.22580645161290322
90133ae2cd594306be2dd7e8366a98a9 <-> 0af303ca12f74cffb704f28d649ecb48,0.23076923076923078
b91ccfa6aecb40e99b36fe9f0b999fd6 <-> f2a0d8446e714e19aa12a11e4d527880,0.25
423d8562e18e4da8b8bc44a817e759c2 <-> b91ccfa6aecb40e99b36fe9f0b999fd6,0.25
90133ae2cd594306be2dd7e8366a98a9 <-> 1a7d6dc174ad45469048cbd580c67e36,0.25
7448396e800b48649223d2e4798e03e6 <-> 0dd6fef1d1284f8f90eb482354f6ed97,0.25
62830a3beec94e329815936d245b2fe5 <-> 0dd6fef1d1284f8f90eb482354f6ed97,0.25
7448396e800b48649223d2e4798e03e6 <-> f2a0d8446e714e19aa12a11e4d527880,0.25
f2a0d8446e714e19aa12a11e4d527880 <-> 62830a3beec94e329815936d245b2fe5,0.25
fe0b5dfab9db4a25b6deddff43e379a0 <-> 4ad89a85e6df4c68b5895450f7bd2686,0.25
423d8562e18e4da8b8bc44a817e759c2 <-> 7448396e800b48649223d2e4798e03e6,0.25
0af303ca12f74cffb704f28d649ecb48 <-> 15673e2d9ef5406f9b18eae317e89913,0.25
fe0b5dfab9db4a25b6deddff43e379a0 <-> 62830a3beec94e329815936d245b2fe5,0.25
b91ccfa6aecb40e99b36fe9f0b999fd6 <-> 423b36c01e15449889aefcb350fc9293,0.25
423d8562e18e4da8b8bc44a817e759c2 <-> 4ad89a85e6df4c68b5895450f7bd2686,0.25
f2a0d8446e714e19aa12a11e4d527880 <-> 4ad89a85e6df4c68b5895450f7bd2686,0.25
423d8562e18e4da8b8bc44a817e759c2 <-> 62830a3beec94e329815936d245b2fe5,0.25
4ad89a85e6df4c68b5895450f7bd2686 <-> 423b36c01e15449889aefcb350fc9293,0.25
0b5a4c6356954095b88c0dcc15dc5c5f <-> 1a7d6dc174ad45469048cbd580c67e36,0.25
b91ccfa6aecb40e99b36fe9f0b999fd6 <-> fe0b5dfab9db4a25b6deddff43e379a0,0.25
0a29a293ae7f43e6a5678bfe2a6274ad <-> 7448396e800b48649223d2e4798e03e6,0.25806451612903225
558ad86b82ac47818878f0a45f0fb642 <-> 1a7d6dc174ad45469048cbd580c67e36,0.2857142857142857
90133ae2cd594306be2dd7e8366a98a9 <-> b91ccfa6aecb40e99b36fe9f0b999fd6,0.2857142857142857
7448396e800b48649223d2e4798e03e6 <-> 0af303ca12f74cffb704f28d649ecb48,0.2857142857142857
90133ae2cd594306be2dd7e8366a98a9 <-> 4ad89a85e6df4c68b5895450f7bd2686,0.2857142857142857
0a29a293ae7f43e6a5678bfe2a6274ad <-> 0af303ca12f74cffb704f28d649ecb48,0.3225806451612903
90133ae2cd594306be2dd7e8366a98a9 <-> 423d8562e18e4da8b8bc44a817e759c2,0.3333333333333333
90133ae2cd594306be2dd7e8366a98a9 <-> 423b36c01e15449889aefcb350fc9293,0.3333333333333333
12867b57696747a5bbe84751650fba14 <-> 423b36c01e15449889aefcb350fc9293,0.3333333333333333
4921524b856743e7a2c59c048cbca69d <-> 4ad89a85e6df4c68b5895450f7bd2686,0.3333333333333333
f2a0d8446e714e19aa12a11e4d527880 <-> fe0b5dfab9db4a25b6deddff43e379a0,0.3333333333333333
b91ccfa6aecb40e99b36fe9f0b999fd6 <-> 4450ad47454540ceacf0a12019624304,0.3333333333333333
12867b57696747a5bbe84751650fba14 <-> f2a0d8446e714e19aa12a11e4d527880,0.3333333333333333
423d8562e18e4da8b8bc44a817e759c2 <-> fe0b5dfab9db4a25b6deddff43e379a0,0.3333333333333333
4ad89a85e6df4c68b5895450f7bd2686 <-> 4450ad47454540ceacf0a12019624304,0.3333333333333333
558ad86b82ac47818878f0a45f0fb642 <-> 4ad89a85e6df4c68b5895450f7bd2686,0.3333333333333333
0b5a4c6356954095b88c0dcc15dc5c5f <-> 62830a3beec94e329815936d245b2fe5,0.3333333333333333
423d8562e18e4da8b8bc44a817e759c2 <-> 423b36c01e15449889aefcb350fc9293,0.3333333333333333
b91ccfa6aecb40e99b36fe9f0b999fd6 <-> 558ad86b82ac47818878f0a45f0fb642,0.3333333333333333
b91ccfa6aecb40e99b36fe9f0b999fd6 <-> 4921524b856743e7a2c59c048cbca69d,0.3333333333333333
12867b57696747a5bbe84751650fba14 <-> 423d8562e18e4da8b8bc44a817e759c2,0.3333333333333333
90133ae2cd594306be2dd7e8366a98a9 <-> f2a0d8446e714e19aa12a11e4d527880,0.3333333333333333
f2a0d8446e714e19aa12a11e4d527880 <-> 423b36c01e15449889aefcb350fc9293,0.3333333333333333
1a7d6dc174ad45469048cbd580c67e36 <-> 62830a3beec94e329815936d245b2fe5,0.4
558ad86b82ac47818878f0a45f0fb642 <-> 423b36c01e15449889aefcb350fc9293,0.4
423d8562e18e4da8b8bc44a817e759c2 <-> 558ad86b82ac47818878f0a45f0fb642,0.4
f2a0d8446e714e19aa12a11e4d527880 <-> 558ad86b82ac47818878f0a45f0fb642,0.4
90133ae2cd594306be2dd7e8366a98a9 <-> 7448396e800b48649223d2e4798e03e6,0.4
7448396e800b48649223d2e4798e03e6 <-> 558ad86b82ac47818878f0a45f0fb642,0.4444444444444444
4450ad47454540ceacf0a12019624304 <-> 423b36c01e15449889aefcb350fc9293,0.5
4921524b856743e7a2c59c048cbca69d <-> 423b36c01e15449889aefcb350fc9293,0.5
b91ccfa6aecb40e99b36fe9f0b999fd6 <-> 4ad89a85e6df4c68b5895450f7bd2686,0.5
b91ccfa6aecb40e99b36fe9f0b999fd6 <-> 62830a3beec94e329815936d245b2fe5,0.5
90133ae2cd594306be2dd7e8366a98a9 <-> 558ad86b82ac47818878f0a45f0fb642,0.5714285714285714
0af303ca12f74cffb704f28d649ecb48 <-> 0dd6fef1d1284f8f90eb482354f6ed97,0.7
423d8562e18e4da8b8bc44a817e759c2 <-> f2a0d8446e714e19aa12a11e4d527880,1.0
4921524b856743e7a2c59c048cbca69d <-> 4450ad47454540ceacf0a12019624304,1.0
