request type,RIN
0a29a293ae7f43e6a5678bfe2a6274ad.824ce688b0a94295895f12501712bff9,1.0
0a29a293ae7f43e6a5678bfe2a6274ad.65af8190bf7e4799830c4158d1014d18,1.0
0a29a293ae7f43e6a5678bfe2a6274ad.c900f081224847fab2de48cfb6bb5e03,1.0
0a29a293ae7f43e6a5678bfe2a6274ad.3e505df8d6bc483d9243f8e2aef403af,1.0
d24d0dc9413b4dd290e6756f27b8a2a0.8d0af1588ea54df483167863e85c0c7e,1.0
0a29a293ae7f43e6a5678bfe2a6274ad.03e5da9e966e4f1b82efddd5be6299a5,1.0
cc0f327c8e504e4a9c5aaff0c0652d71.cdd768d0444e4ce79b92410190848f7c,1.0
62830a3beec94e329815936d245b2fe5.68882940d55f4c56954e3c6eabafa83b,1.0
da489fae8b0e4b97bcc05a002a69b0d7.efa886503c414ec28d3029ee0c50be9c,1.0
7448396e800b48649223d2e4798e03e6.cb3b315d677346f2b5c9f541d6bca2fb,1.0
0a29a293ae7f43e6a5678bfe2a6274ad.31bdb462265348b292e702550b42ee4c,1.0
b7f15166066f497eba790e96680de68e.6e6b50b7afc04157892f8f29e6e4c0e3,1.0
0a29a293ae7f43e6a5678bfe2a6274ad.d442fe4c59ae4e0ba7c521bc5407152b,1.0
0a29a293ae7f43e6a5678bfe2a6274ad.ddca10aece2f4961a0e4d0f59033d43d,1.0
0a29a293ae7f43e6a5678bfe2a6274ad.c0874e4d94974866b0526c29ea6919e6,1.0
0a29a293ae7f43e6a5678bfe2a6274ad.dc02fca155ea49158e172a54138a984c,1.0
0a29a293ae7f43e6a5678bfe2a6274ad.a3bb19783bbb4ce78308555cabbfe549,1.0
83e5b60efe91477fa5f767cdf30c4c01.dd8574b9d6ae4a3bb54efe01fc562759,1.0
0a29a293ae7f43e6a5678bfe2a6274ad.b18ae8029ba048368fc55af2c11e6b1e,1.0
0a29a293ae7f43e6a5678bfe2a6274ad.7128ac9ad03d4d5497f36ceed5cb2c4e,1.0
0a29a293ae7f43e6a5678bfe2a6274ad.c5b5c49e5f0e43a8b5b9031401c20997,1.0
0a29a293ae7f43e6a5678bfe2a6274ad.2f1bf60e07384288ace96138b56bfeb9,1.0
86141c6c1ca0424199a2b99139be183b.7adf35f2fbe84fea8735ffc9126562ef,1.0
0a29a293ae7f43e6a5678bfe2a6274ad.3b581c5dd1de4f0293e94270a2ff8635,1.0
0a29a293ae7f43e6a5678bfe2a6274ad.e19bd1b2656f4d68a48d3d4a950b8bac,1.0
b91ccfa6aecb40e99b36fe9f0b999fd6.2fb1f41257764cc5a2dda59aa271a39c,1.0
0a29a293ae7f43e6a5678bfe2a6274ad.8f4f87fc71e04b3abbe3a42e8d925097,1.0
0a29a293ae7f43e6a5678bfe2a6274ad.30c6b7a134e04bc7ad7d28ec86eb0b24,1.0
0a29a293ae7f43e6a5678bfe2a6274ad.6befb377c9b846b287d234c1a15c90f8,1.0
0a29a293ae7f43e6a5678bfe2a6274ad.c505a6de28b24b0a86ecbf9c230e1952,1.0
12867b57696747a5bbe84751650fba14.fcd270433f374315a17152e8d61a53cd,1.0
d24d0dc9413b4dd290e6756f27b8a2a0.36396519bbdb4f058612a0647a26d96c,1.0
0a29a293ae7f43e6a5678bfe2a6274ad.55296b2e7e844ed78efd3db1ea0aec27,1.0
0a29a293ae7f43e6a5678bfe2a6274ad.cd3a10a4d1be434f9bb97b746adb119e,1.0
0a29a293ae7f43e6a5678bfe2a6274ad.a61b5615de55466abef7a5af85f4bd80,1.0
0a29a293ae7f43e6a5678bfe2a6274ad.786d230284774f8da10e6db108eab190,1.0
0a29a293ae7f43e6a5678bfe2a6274ad.9724a12ff7fc45a8894ccbd041300708,1.0
0a29a293ae7f43e6a5678bfe2a6274ad.e9a1717ca8b344b2b6bbbeea32b746e6,1.0
423d8562e18e4da8b8bc44a817e759c2.5a8f2fa1334e453cb7fe45d9e25d63b5,1.0
506b7918bbe84430b9dd21ddf446aa32.b1d83bfae9f14fd5ac55100e70e894a7,1.0
0a29a293ae7f43e6a5678bfe2a6274ad.ecb07a4261614b048ee92718e373f936,1.0
90133ae2cd594306be2dd7e8366a98a9.61388a4925d74e17a300cb6e9895fa24,1.0
0a29a293ae7f43e6a5678bfe2a6274ad.2ca8bc0b5b254cb4a2985eccdf97af38,1.0
0dd6fef1d1284f8f90eb482354f6ed97.b0a57e27cfc445a9aea5c813458eef02,1.0
0a29a293ae7f43e6a5678bfe2a6274ad.548b3d7dd7034bedafaffe0c6add80a4,1.0
0a29a293ae7f43e6a5678bfe2a6274ad.c3c600d304424b7797f19058d771c11b,1.0
d24d0dc9413b4dd290e6756f27b8a2a0.851b7a4f1a8d4cd8b669c054be5267e2,1.0
423b36c01e15449889aefcb350fc9293.664fa883d5184060ab708af89bbbcfc9,1.0
4450ad47454540ceacf0a12019624304.91d51cf3be584c1eae076a75554129ff,1.0
0a29a293ae7f43e6a5678bfe2a6274ad.a9a98121f46b4980932a518af4c6fff5,1.0
0a29a293ae7f43e6a5678bfe2a6274ad.bf6f8d522ebb4155a835c360f82dd20e,1.0
7448396e800b48649223d2e4798e03e6.714f412fba1f499da52ba9d651224f9f,1.0
0a29a293ae7f43e6a5678bfe2a6274ad.1057b56011f94936b1ba0de5acc017f3,1.0
0a29a293ae7f43e6a5678bfe2a6274ad.cc147a46307a42c5a1e97248b2864eda,1.0
0a29a293ae7f43e6a5678bfe2a6274ad.0f50fde5afd64c0fb40616e00571ae7d,1.0
0a29a293ae7f43e6a5678bfe2a6274ad.882a3b70c6a74edda0e28a1767e0745e,1.0
0a29a293ae7f43e6a5678bfe2a6274ad.ebc12da1c31740cebb00d45056614eab,1.0
558ad86b82ac47818878f0a45f0fb642.164e6513a5cf4ca59006d098d81b3a6e,1.0
0a29a293ae7f43e6a5678bfe2a6274ad.97d9a578250a4140aea1c4ff56c68fe2,1.0
0a29a293ae7f43e6a5678bfe2a6274ad.0f5ee9bf2d484f2cbf5548f75d441966,1.0
0a29a293ae7f43e6a5678bfe2a6274ad.35ece1a990a94c8cab96349ed7dc04e1,1.0
0a29a293ae7f43e6a5678bfe2a6274ad.6ae582013e254ba58f7589a4da7bcea1,1.0
0a29a293ae7f43e6a5678bfe2a6274ad.fdc7f8702af84dc28a894db114e5aef3,1.0
d566f7d556384bbab22b1d0c564f51e0.9b0667966f894009a63febc5d2af5524,1.0
0a29a293ae7f43e6a5678bfe2a6274ad.83b070b936ac4beaaa9c04e49dfb128f,1.0
0af303ca12f74cffb704f28d649ecb48.7acbc7b0733e424ca6b34252b83f36bf,1.0
423b36c01e15449889aefcb350fc9293.8e0489371bdc40cda222e0e467e2767d,1.0
0a29a293ae7f43e6a5678bfe2a6274ad.8d91390de17740178a930e62f3b57914,1.0
0a29a293ae7f43e6a5678bfe2a6274ad.50cd2d4a54db4dfa8cd9875711e4fd5d,1.0
90133ae2cd594306be2dd7e8366a98a9.78dc2aa9adb449989bb8fcc9a7078ad7,1.0
0a29a293ae7f43e6a5678bfe2a6274ad.a95649c2707d46aa82f5bbe24168532c,1.0
0a29a293ae7f43e6a5678bfe2a6274ad.8484125feb6e427d8367a99824381280,1.0
0a29a293ae7f43e6a5678bfe2a6274ad.edb114a1392a4a63a426599ddd0477ae,1.0
0a29a293ae7f43e6a5678bfe2a6274ad.8e274e9966f0480293fd8040d9087d7a,1.0
0a29a293ae7f43e6a5678bfe2a6274ad.57e40c1e203b4a3fa2a661df1e711a1f,1.0
0a29a293ae7f43e6a5678bfe2a6274ad.d5723d6b2d3b44ffb55314f951c64680,1.0
0a29a293ae7f43e6a5678bfe2a6274ad.8c1eb3af1fd94485b81c68e02769373a,1.0
90133ae2cd594306be2dd7e8366a98a9.ab0bc3141e9f431e8aea529f43c94ae3,1.0
0a29a293ae7f43e6a5678bfe2a6274ad.ef896afc1d6248dabc436307a9c3f287,1.0
0a29a293ae7f43e6a5678bfe2a6274ad.dcd1a71b4780479cbff6a9115ea6456f,1.0
7448396e800b48649223d2e4798e03e6.f6e0ab6d3bc24e0cacdbb2d8d5e0cbdc,1.0
90133ae2cd594306be2dd7e8366a98a9.81497c462c694814aa6201a1484ace05,1.0
7448396e800b48649223d2e4798e03e6.af4f6a1f6d8f47dc926e1f7b1a225251,1.0
0a29a293ae7f43e6a5678bfe2a6274ad.64cb19e862ef4611adeb79300dc39458,1.0
0a29a293ae7f43e6a5678bfe2a6274ad.ea1b9da74772456ea2b221215a356cc0,1.0
0a29a293ae7f43e6a5678bfe2a6274ad.0489d3638a0f42c5b044d51f74c7d2a8,1.0
0a29a293ae7f43e6a5678bfe2a6274ad.05546854946d4ea7b0f1808906e9532c,1.0
0a29a293ae7f43e6a5678bfe2a6274ad.36fc741e64e7438c98616203174537b5,1.0
0a29a293ae7f43e6a5678bfe2a6274ad.b42d7a7b0f264084bcf11a0982768ccb,1.0
90133ae2cd594306be2dd7e8366a98a9.4647a10cd73c493589650b22b5188871,1.0
0a29a293ae7f43e6a5678bfe2a6274ad.7a52b9b43e21493891d2cb5ed61a06ce,1.0
1a7d6dc174ad45469048cbd580c67e36.960aa047baef4300ae96c7d061eb83cc,1.0
0a29a293ae7f43e6a5678bfe2a6274ad.04bf431b062241edbdffa26f13bcdb8b,1.0
0a29a293ae7f43e6a5678bfe2a6274ad.64ff95614ebc41259d1202382cbae207,1.0
0a29a293ae7f43e6a5678bfe2a6274ad.0ed0f8806f7f403aa8104139f53b8d25,1.0
0a29a293ae7f43e6a5678bfe2a6274ad.97ef133aa7314a399af9737226c4c9ca,1.0
0a29a293ae7f43e6a5678bfe2a6274ad.27f4eea4869844a8bef349e4328c4ab5,1.0
0a29a293ae7f43e6a5678bfe2a6274ad.b5f763db9bf04346882ba0bd44145cc8,1.0
0a29a293ae7f43e6a5678bfe2a6274ad.dbe6257af9b842af8c87e395d8a0dc23,1.0
0a29a293ae7f43e6a5678bfe2a6274ad.eff951d1168a44a096224531cd8aa201,1.0
0a29a293ae7f43e6a5678bfe2a6274ad.f3cb6f9cf8b54193980b37d0a5911861,1.0
0a29a293ae7f43e6a5678bfe2a6274ad.55387cf638f149ff83b7f09ec4f04e3f,1.0
86141c6c1ca0424199a2b99139be183b.8cefd9d53fb7419b8c91f6ffd0482268,1.0
0a29a293ae7f43e6a5678bfe2a6274ad.9458a5ac0d2a465194f138b5d26be4e0,1.0
0a29a293ae7f43e6a5678bfe2a6274ad.e6de08be9ba2400eb59da8d918fbaf13,1.0
0a29a293ae7f43e6a5678bfe2a6274ad.87eb855e7d5e4d1a8f90bf9a7e0542d3,1.0
fe0b5dfab9db4a25b6deddff43e379a0.dfb1b12e21f84b018a6da693cd0e3a7b,1.0
0a29a293ae7f43e6a5678bfe2a6274ad.5316ed225afb465d91f9a9fb5cd9f096,1.0
0a29a293ae7f43e6a5678bfe2a6274ad.4b80d2e5b23f4222a908e1066acca1fb,1.0
0a29a293ae7f43e6a5678bfe2a6274ad.472d59eecf514ce6b2d234c9510ff35b,1.0
0a29a293ae7f43e6a5678bfe2a6274ad.5ec24a85f39f4ff8824f027149208834,1.0
0a29a293ae7f43e6a5678bfe2a6274ad.bebbd624ad40438089378ff1b1e6b6f8,1.0
0a29a293ae7f43e6a5678bfe2a6274ad.5fc5896b64fe473289b6588d770ef90a,1.0
0a29a293ae7f43e6a5678bfe2a6274ad.cb7c10444c01459fbc4691ecb6266e24,1.0
90133ae2cd594306be2dd7e8366a98a9.79e945fe2f654037b866e4b1f5e9e9f1,1.0
0a29a293ae7f43e6a5678bfe2a6274ad.864524c92d8947cdb12fa18797107584,1.0
0a29a293ae7f43e6a5678bfe2a6274ad.0221ca9cf47f405cb2a7626bcc06ad2b,1.0
0a29a293ae7f43e6a5678bfe2a6274ad.11d92c49a802462eaee1e8c5895fa091,1.0
0a29a293ae7f43e6a5678bfe2a6274ad.d3bd4ce201b3437f9539ae67643499bb,1.0
0a29a293ae7f43e6a5678bfe2a6274ad.0b5482bf6a01467daa90864ce8e5573f,1.0
0a29a293ae7f43e6a5678bfe2a6274ad.70b942d8f00846ea81244e8a2f2ce22c,1.0
0a29a293ae7f43e6a5678bfe2a6274ad.6b813c6b6d52415694723022e9e37bc2,1.0
0a29a293ae7f43e6a5678bfe2a6274ad.81b5b33e42114a308307b5d53430a84b,1.0
0a29a293ae7f43e6a5678bfe2a6274ad.b7457b3048b149f7ac1750b6409e9fdb,1.0
0a29a293ae7f43e6a5678bfe2a6274ad.0917ac308b9b44de871018da972128f0,1.0
0a29a293ae7f43e6a5678bfe2a6274ad.01665019957349e5be3aa3cea6ec9ab9,1.0
0a29a293ae7f43e6a5678bfe2a6274ad.a693967acb504a8a82e6e0b7bade58ef,1.0
4450ad47454540ceacf0a12019624304.2a5996de20a84521b1e6041455741a4f,1.0
86141c6c1ca0424199a2b99139be183b.df9c997cfd874a4a94364cacdddefd6b,1.0
0af303ca12f74cffb704f28d649ecb48.c17570f62f29406f91e86cc16f6aa7e5,1.0
0a29a293ae7f43e6a5678bfe2a6274ad.2f61cb525c224de8a4ec37de8ac4f7aa,1.0
86141c6c1ca0424199a2b99139be183b.f1543c8c69664649bc2113eb4d1af54b,1.0
0a29a293ae7f43e6a5678bfe2a6274ad.dd6d0dada60644dd9f4b4fc85173eedf,1.0
46484f943b9840568639b5c11cd9c082.e16f5f02921b4388bccef47a2e5be420,1.0
0a29a293ae7f43e6a5678bfe2a6274ad.bef9d7e647144e87afcd72ee7814f4c3,1.0
7448396e800b48649223d2e4798e03e6.8a66258a6568410197ea798cdf16b71b,1.0
0a29a293ae7f43e6a5678bfe2a6274ad.02430002f86a4119b73353cb1ef0ba03,1.0
0a29a293ae7f43e6a5678bfe2a6274ad.8e06cdd70a3f49dda7d3d7f07c662c25,1.0
0a29a293ae7f43e6a5678bfe2a6274ad.970e3abb48bd4f9088205ed081df147a,1.0
0a29a293ae7f43e6a5678bfe2a6274ad.16b52da10b9948d69a25bcad227081a7,1.0
0a29a293ae7f43e6a5678bfe2a6274ad.948c5b9b864e42f2add82e71de746bc1,1.0
0a29a293ae7f43e6a5678bfe2a6274ad.85eec84c9d5143ecb64d39418353071e,1.0
0a29a293ae7f43e6a5678bfe2a6274ad.53669287dcd8465ab2a943c9d39e06f1,1.0
0a29a293ae7f43e6a5678bfe2a6274ad.c300ced5e48743ce90ca51cd94d20f87,1.0
0a29a293ae7f43e6a5678bfe2a6274ad.08e2a1246e6243749b2866807562a62a,1.0
d566f7d556384bbab22b1d0c564f51e0.89a513826c3846bd93360903b235b66a,1.0
0a29a293ae7f43e6a5678bfe2a6274ad.3c1a0ea3ff7f4e0592548b90eccb1367,1.0
0a29a293ae7f43e6a5678bfe2a6274ad.9f1a5901dd5a47049bca9b1bfb17e350,1.0
0a29a293ae7f43e6a5678bfe2a6274ad.fee7432fec7f4e1d8dc0f846ee373234,1.0
0a29a293ae7f43e6a5678bfe2a6274ad.4fb67fce72194a0fb931c588c467b6e3,1.0
0a29a293ae7f43e6a5678bfe2a6274ad.f5a3a4217949401f9814bf7bff6414f1,1.0
0a29a293ae7f43e6a5678bfe2a6274ad.4a98939db305488a9637bc5d9ee005c1,1.0
0a29a293ae7f43e6a5678bfe2a6274ad.f7f1fad714574915821fd969e9e319b7,1.0
0a29a293ae7f43e6a5678bfe2a6274ad.84435f034cab46778342ffc183900520,1.0
0a29a293ae7f43e6a5678bfe2a6274ad.0c4c381e9c5f40a7a7ee5c7ce378a173,1.0
0a29a293ae7f43e6a5678bfe2a6274ad.7abded168ba642f6892c3477e26fc0a5,1.0
0a29a293ae7f43e6a5678bfe2a6274ad.51c443b4657e443585f9fa49dcd3b28b,1.0
0a29a293ae7f43e6a5678bfe2a6274ad.52adec0dc1b644d79dcf455d0673b969,1.0
7448396e800b48649223d2e4798e03e6.c814ab65f97f4294a16bdc961f1061bb,1.0
0a29a293ae7f43e6a5678bfe2a6274ad.b7292473b5d24d98abe9275d0b47740b,1.0
0a29a293ae7f43e6a5678bfe2a6274ad.c83dad111a984176a352d6f8bc21e1cb,1.0
0a29a293ae7f43e6a5678bfe2a6274ad.6cbb2f3981fd4db4a6ec664d619fccf6,1.0
8caf6439fadc4336881e80b5a0c25c7e.82227f055fde4558901bc9f193bc44ad,1.0
0a29a293ae7f43e6a5678bfe2a6274ad.f12f05aa1fbe41f8b141f4fc0d8f1b23,1.0
0a29a293ae7f43e6a5678bfe2a6274ad.a5a48a33c15b4b0da4501cde09f93ba5,1.0
4ad89a85e6df4c68b5895450f7bd2686.c03c25985e0a4b99b8dc6b25ac04f5a0,1.0
0af303ca12f74cffb704f28d649ecb48.00e4e433de564942a5aef7df8a51881d,1.0
0a29a293ae7f43e6a5678bfe2a6274ad.577062fc289949738946904038b1f2c5,1.0
4ad89a85e6df4c68b5895450f7bd2686.af6a611a82524d85aaa1e3c67a3835df,1.0
0a29a293ae7f43e6a5678bfe2a6274ad.93fa4a806cb9460ebfd7457fc8932b60,1.0
90133ae2cd594306be2dd7e8366a98a9.7c4e7155c641482f8aab21740db1a548,1.0
86141c6c1ca0424199a2b99139be183b.6e6b50b7afc04157892f8f29e6e4c0e3,1.0
0a29a293ae7f43e6a5678bfe2a6274ad.b612619e8b464c75b166109d747bda3f,1.0
0a29a293ae7f43e6a5678bfe2a6274ad.a5c4ba4dbad4489990b57008cd10e10d,1.0
0a29a293ae7f43e6a5678bfe2a6274ad.9ddd3a7a773a4a4289afab3aaa27862c,1.0
0a29a293ae7f43e6a5678bfe2a6274ad.6ffa9807c3a942f0a3bea0c0d76f0503,1.0
7448396e800b48649223d2e4798e03e6.67616f09e4154630ba5d58d798523f3c,1.0
0af303ca12f74cffb704f28d649ecb48.9e71e534f1864cb8a8cb5d5ad4b331af,1.0
0a29a293ae7f43e6a5678bfe2a6274ad.e7fba29380e745aeb0067cfbd90e697e,1.0
01ceae3977254563a290c52b868f3d6c.49f7055eca0c4eab85413eb607e9a61b,1.0
90133ae2cd594306be2dd7e8366a98a9.3b8f6650c1f54abdae458b6c8776868e,1.0
0a29a293ae7f43e6a5678bfe2a6274ad.082e76bb55ed49ed88527210dd00e627,1.0
90133ae2cd594306be2dd7e8366a98a9.b7c5013cb8a44da1af543d695de5c791,1.0
0a29a293ae7f43e6a5678bfe2a6274ad.a2295d08c00346c88e7478d948728959,1.0
90133ae2cd594306be2dd7e8366a98a9.7bae63c7892d4e67a70ffea8f37742c9,1.0
558ad86b82ac47818878f0a45f0fb642.5466b661923b45f5959f197eff2e169e,1.0
0a29a293ae7f43e6a5678bfe2a6274ad.45559a2fe11f4ce195374d557dc0396c,1.0
7448396e800b48649223d2e4798e03e6.4965b29df8814af8ae6c7e27ecdb7c86,1.0
0a29a293ae7f43e6a5678bfe2a6274ad.7bb6ef031da644d8b6bb352c13c2374e,1.0
0a29a293ae7f43e6a5678bfe2a6274ad.7ff7adf6a6b94158952d98c922e2d79b,1.0
d566f7d556384bbab22b1d0c564f51e0.a33af0f0cf694e439fbc910053a98363,1.0
90133ae2cd594306be2dd7e8366a98a9.cfb134a0e2cc465c98b5b3807a579107,1.0
0a29a293ae7f43e6a5678bfe2a6274ad.4fea9a6efea846658d66087ca7b67807,1.0
0a29a293ae7f43e6a5678bfe2a6274ad.c03b4fb670474916a85e68f9f5e8198c,1.0
0a29a293ae7f43e6a5678bfe2a6274ad.bff677bc5b5348bbb3790fe9d3ab4190,1.0
0a29a293ae7f43e6a5678bfe2a6274ad.830c412630ff4f77a80835ef99c3cf07,1.0
0a29a293ae7f43e6a5678bfe2a6274ad.394a60e84d884812b5dcf5754103b0f9,1.0
0a29a293ae7f43e6a5678bfe2a6274ad.4fda451f912445549b5c9e750f964493,1.0
0a29a293ae7f43e6a5678bfe2a6274ad.7e1c4e42dd0840e9af1ad73a5d8adef9,1.0
b91ccfa6aecb40e99b36fe9f0b999fd6.17fe12b9a98f488d81bdf66ab774e978,1.0
0a29a293ae7f43e6a5678bfe2a6274ad.7a29f8daf3254772b144b0d1960a0691,1.0
0a29a293ae7f43e6a5678bfe2a6274ad.ace02e405afe46e7b469fe606c0e3fc9,1.0
0a29a293ae7f43e6a5678bfe2a6274ad.3b916157f6d242a3b1387470e69174f1,1.0
0a29a293ae7f43e6a5678bfe2a6274ad.4cb79b473c484d12bb726c16ed647311,1.0
d24d0dc9413b4dd290e6756f27b8a2a0.f2d215a3637347758ba2bb94273f36dc,1.0
0a29a293ae7f43e6a5678bfe2a6274ad.7ce18730caa643a5b4dda28986c107dc,1.0
0a29a293ae7f43e6a5678bfe2a6274ad.35727888560d4fcc82c0b9c36ee10132,1.0
0a29a293ae7f43e6a5678bfe2a6274ad.d51eaa3bb50942ce97256728eff9356d,1.0
4ad89a85e6df4c68b5895450f7bd2686.91096e507d714981ada996dd0bfb3348,1.0
0a29a293ae7f43e6a5678bfe2a6274ad.cbec530165ca493e96e4b9f6acb19988,1.0
b91ccfa6aecb40e99b36fe9f0b999fd6.8ca1d704a651486c84cd3bb4d1eeb634,1.0
0a29a293ae7f43e6a5678bfe2a6274ad.2c2c5764c6984f9b8beacdf1c18100dd,1.0
0a29a293ae7f43e6a5678bfe2a6274ad.d42d76c115f64e94ac505f56afa8355d,1.0
0a29a293ae7f43e6a5678bfe2a6274ad.8fdcd602fb394112bec48caf8b07efe3,1.0
0a29a293ae7f43e6a5678bfe2a6274ad.04a1050928864603829c859b49c0cbb5,1.0
0a29a293ae7f43e6a5678bfe2a6274ad.a10e44944b834021ad5d2c10334e1b1e,1.0
0a29a293ae7f43e6a5678bfe2a6274ad.3fe6ae142aa246f090feefcf31f97678,1.0
0a29a293ae7f43e6a5678bfe2a6274ad.2d8f2dffdb164bd9a33092b1bdffd155,1.0
90133ae2cd594306be2dd7e8366a98a9.c9fe3dd5d3f84bdb92b134e46ce26d96,1.0
0a29a293ae7f43e6a5678bfe2a6274ad.d9b818b9ba6646e6be78e784f091965a,1.0
0a29a293ae7f43e6a5678bfe2a6274ad.597b86f6e6ca4f51ae1be9387359101e,1.0
90133ae2cd594306be2dd7e8366a98a9.864b1b1cbe6f450da0dd51a108e9903e,1.0
0a29a293ae7f43e6a5678bfe2a6274ad.dd8574b9d6ae4a3bb54efe01fc562759,1.0
0a29a293ae7f43e6a5678bfe2a6274ad.ff898008721b48e6a14998a8b71a488f,1.0
7448396e800b48649223d2e4798e03e6.7ad38d344fe943e1ad4e050f7ebe6aba,1.0
558ad86b82ac47818878f0a45f0fb642.c06665106487404ba393fb7206fe1fc1,1.0
0a29a293ae7f43e6a5678bfe2a6274ad.62ac611d5919427f961f408a815b50ac,1.0
0a29a293ae7f43e6a5678bfe2a6274ad.c0916824d2bd4a5ea495d8e113908e28,1.0
0a29a293ae7f43e6a5678bfe2a6274ad.d56efe2da4524eefaea3884089a8d895,1.0
0a29a293ae7f43e6a5678bfe2a6274ad.75090eb6f6fc4e36bd8c894d9a3cdaa4,1.0
0a29a293ae7f43e6a5678bfe2a6274ad.6c09b9fc4a6e406ba9d1f88f1fc90b98,1.0
0a29a293ae7f43e6a5678bfe2a6274ad.c66be8e642794bbc8d12fe7b6834ead0,1.0
0a29a293ae7f43e6a5678bfe2a6274ad.a58416b87e4745188dcc4cfd1ce9a871,1.0
0a29a293ae7f43e6a5678bfe2a6274ad.782ea6b3484c47aaa553c251c5c48ffb,1.0
bb305c4c16f9462ca078ef7d25cd9aa9.71efa01d5430488892505d27ab940c4a,1.0
558ad86b82ac47818878f0a45f0fb642.080ba47d822e41358fb3eeb4b0d12f10,1.0
0a29a293ae7f43e6a5678bfe2a6274ad.19921ad8c3bb4bd685201a1ac9edd024,1.0
4ad89a85e6df4c68b5895450f7bd2686.ea2386fdc42f41eba0c951ed3453b781,1.0
d24d0dc9413b4dd290e6756f27b8a2a0.22ea61ae30fe4efd9c0a446903c5ec82,1.0
0a29a293ae7f43e6a5678bfe2a6274ad.376cb50051064bada4e9e7f32c629ea8,1.0
0a29a293ae7f43e6a5678bfe2a6274ad.08239d98b97340ab8013bcbbc7bf884e,1.0
d24d0dc9413b4dd290e6756f27b8a2a0.dcf147aad88943efbd217e01cb2be818,1.0
0a29a293ae7f43e6a5678bfe2a6274ad.55caca39a0b740aea8ce4ce33468531e,1.0
0a29a293ae7f43e6a5678bfe2a6274ad.864427ddfec04a47aa6ae2a4f38bc6c0,1.0
0a29a293ae7f43e6a5678bfe2a6274ad.3e8612cb8aeb4e6cae6239fc008c2e13,1.0
558ad86b82ac47818878f0a45f0fb642.fd563044cb974b0a80888c75adcb37ff,1.0
0a29a293ae7f43e6a5678bfe2a6274ad.05a6a647c60c4108bac6a5ec2d194dd7,1.0
7448396e800b48649223d2e4798e03e6.33463d0fc96d49b2b18d969fb9bc5d6f,1.0
0a29a293ae7f43e6a5678bfe2a6274ad.98500e0cc74047af85145f9b26cfd219,1.0
d24d0dc9413b4dd290e6756f27b8a2a0.36ad72bf96af4cf18569a73b9e9bd0b1,1.0
0a29a293ae7f43e6a5678bfe2a6274ad.98903821b872498f91d77e973fcf6302,1.0
cc0f327c8e504e4a9c5aaff0c0652d71.3a33ee0e01f74f5abb9d478990835767,1.0
0a29a293ae7f43e6a5678bfe2a6274ad.540bc47c29f94bd1a0cb7b93e6c6651b,1.0
0a29a293ae7f43e6a5678bfe2a6274ad.71b53d3e00e44e4f9ef77c1444e259c8,1.0
0a29a293ae7f43e6a5678bfe2a6274ad.83802496e4974e3484abe1fdd35e2a04,1.0
0a29a293ae7f43e6a5678bfe2a6274ad.0e39607f497b4eedb3ae405ed2ba9b10,1.0
0a29a293ae7f43e6a5678bfe2a6274ad.2944f3c6615941ad9cc9cdfb62f96047,1.0
0a29a293ae7f43e6a5678bfe2a6274ad.d7a99f6d495e41fb951a48047028b0c5,1.0
f2a0d8446e714e19aa12a11e4d527880.1baa7bd8fd5c4c9399bcc2b2f7a953f3,1.0
0a29a293ae7f43e6a5678bfe2a6274ad.a20961c1b5324be7bc1f248b5a157a2c,1.0
0a29a293ae7f43e6a5678bfe2a6274ad.c28710565a6a4ab5b3570c24a9bb37d4,1.0
0a29a293ae7f43e6a5678bfe2a6274ad.8f7168a0e11b4b31a71fbd278e2184aa,1.0
1a7d6dc174ad45469048cbd580c67e36.73ce236edfe342f696bbeaf0d94b0058,1.0
0a29a293ae7f43e6a5678bfe2a6274ad.cb824637976a41bb99ed9c28c2478ae9,1.0
0a29a293ae7f43e6a5678bfe2a6274ad.40dae5ea828c4509b4cc3b8de05bd11d,1.0
0a29a293ae7f43e6a5678bfe2a6274ad.3a25d1dd9f274afbba0af65330e5a54c,1.0
558ad86b82ac47818878f0a45f0fb642.63173b798f954d7a8f1c8d94d392bf7a,1.0
0a29a293ae7f43e6a5678bfe2a6274ad.2965a81c87b14b9ba929224e888bc7bb,1.0
cc0f327c8e504e4a9c5aaff0c0652d71.58c1c47111304c57a135acb0288ef544,1.0
0a29a293ae7f43e6a5678bfe2a6274ad.99e5200557af40e6931f410f4d3dfaaf,1.0
90133ae2cd594306be2dd7e8366a98a9.b3ef7b5c4f404c849bbeb23da016658d,1.0
558ad86b82ac47818878f0a45f0fb642.e68a9a8c2e1e4ee880db96cf4345e8f4,1.0
0a29a293ae7f43e6a5678bfe2a6274ad.d987ad466ff64b2d9e9d258f722eae77,1.0
0a29a293ae7f43e6a5678bfe2a6274ad.63183b5fb9be4283ad5467bcddde89c4,1.0
0a29a293ae7f43e6a5678bfe2a6274ad.e5f8efe193c941c1896a79aaa9aaafa9,1.0
0a29a293ae7f43e6a5678bfe2a6274ad.f0b8f259f60c4d058da7d1d6a829def2,1.0
0a29a293ae7f43e6a5678bfe2a6274ad.93e3568d6db2401794d873741ec3d9c6,1.0
0a29a293ae7f43e6a5678bfe2a6274ad.7ab1fcdaf359427380d960b82a0eef11,1.0
0a29a293ae7f43e6a5678bfe2a6274ad.d390bfa27c644a7fa22ac14ee2cdf57f,1.0
0a29a293ae7f43e6a5678bfe2a6274ad.5d0accdfec9744cebfe5c0d3835684a6,1.0
0a29a293ae7f43e6a5678bfe2a6274ad.d43258c7b87847979dba9965a2fa8374,1.0
fe0b5dfab9db4a25b6deddff43e379a0.244e6eb41cc9444b895a72f48d32b37a,1.0
0a29a293ae7f43e6a5678bfe2a6274ad.2a7e46d3a9cc496289b204997293ba0c,1.0
0a29a293ae7f43e6a5678bfe2a6274ad.24aa86607e05425eac3c06e958dd0ad8,1.0
0a29a293ae7f43e6a5678bfe2a6274ad.d16de5c22b754d4f9241667dcec47d7d,1.0
0a29a293ae7f43e6a5678bfe2a6274ad.edb2b731e4234df39bb03df3750b91c3,1.0
0a29a293ae7f43e6a5678bfe2a6274ad.e67cf48b57704caaa7dc1effbe8e8ff7,1.0
0a29a293ae7f43e6a5678bfe2a6274ad.70fdbd91b2244fbb8b74843469e1c363,1.0
0a29a293ae7f43e6a5678bfe2a6274ad.db6a498e338a48b0bda96b1e81ce3634,1.0
0a29a293ae7f43e6a5678bfe2a6274ad.1ac7a1f0162a445fbb8356821430fd2c,1.0
0a29a293ae7f43e6a5678bfe2a6274ad.058b72d9e46041a8b1c5ac9935b994cd,1.0
0a29a293ae7f43e6a5678bfe2a6274ad.f2793da2feb349b5815b97799ee996ca,1.0
0a29a293ae7f43e6a5678bfe2a6274ad.621bf40bf077429fbaa9c30f91e7bd0e,1.0
90133ae2cd594306be2dd7e8366a98a9.872e3be6986843499750cd14be2b17da,1.0
0a29a293ae7f43e6a5678bfe2a6274ad.b6460b5281d749b9a8f50807d5856965,1.0
0a29a293ae7f43e6a5678bfe2a6274ad.c047fae7d40c44c9a0a7f5f11ca8b8af,1.0
0a29a293ae7f43e6a5678bfe2a6274ad.1128bcb8ab0e4466bce72487006cd901,1.0
83e5b60efe91477fa5f767cdf30c4c01.5526b5bb22a2450b924488f9bb10b58f,1.0
0a29a293ae7f43e6a5678bfe2a6274ad.098abe1cd76f4d0ca29bbeb03e268698,1.0
0a29a293ae7f43e6a5678bfe2a6274ad.850da6852c894129a2c788f86ae704e8,1.0
fe0b5dfab9db4a25b6deddff43e379a0.4336fa9f3fe14b4bbc8ebf9f7955409a,1.0
0a29a293ae7f43e6a5678bfe2a6274ad.7a34815883ef42ccb3a7fa1cbf8a22df,1.0
0a29a293ae7f43e6a5678bfe2a6274ad.da6d808f6eec490198b117ace28485cc,1.0
0a29a293ae7f43e6a5678bfe2a6274ad.2d99b3ea898d459882975cc7d954396d,1.0
0a29a293ae7f43e6a5678bfe2a6274ad.00d40653660144c4a8d1e9a56477cb2e,1.0
0a29a293ae7f43e6a5678bfe2a6274ad.9579445bf85b496db16854dfdc689633,1.0
0a29a293ae7f43e6a5678bfe2a6274ad.dc05655914f348878aba845724c91155,1.0
0a29a293ae7f43e6a5678bfe2a6274ad.60792b0dc2cd47938b8b79b0ab8a07bd,1.0
0a29a293ae7f43e6a5678bfe2a6274ad.7a13daf3a53f4a599dd7b06a637c03fc,1.0
7448396e800b48649223d2e4798e03e6.b579d879dc5841409c65a7f21b63de50,1.0
0a29a293ae7f43e6a5678bfe2a6274ad.8df49ff1224548ce8d690407cb29f297,1.0
0a29a293ae7f43e6a5678bfe2a6274ad.f27d2cfd56ba48eabb30878387df1c2c,1.0
0a29a293ae7f43e6a5678bfe2a6274ad.5de9c9a03394439fa99823346c96530d,1.0
1a7d6dc174ad45469048cbd580c67e36.6cdf6e5157a84f53af913790d8aaf285,1.0
7448396e800b48649223d2e4798e03e6.e3915aede2f9414f8be63be3b295222d,1.0
0a29a293ae7f43e6a5678bfe2a6274ad.cd428ca25eeb4ca88a1137a92ca284f3,1.0
0a29a293ae7f43e6a5678bfe2a6274ad.5a3784e9fbc84ca59ff6a2b0bd1941ef,1.0
0a29a293ae7f43e6a5678bfe2a6274ad.837fc34c5c6f4497a0e76a3133b4bc99,1.0
0a29a293ae7f43e6a5678bfe2a6274ad.7bcead82ba484224b7dac76a3e8f36c6,1.0
0a29a293ae7f43e6a5678bfe2a6274ad.ce3721efc95f4b4faf3376c12f4eb8af,1.0
423b36c01e15449889aefcb350fc9293.f0312b148570483d91c2480c30d7af01,1.0
0a29a293ae7f43e6a5678bfe2a6274ad.59756eeded9c46ca8f3de47ad124b45f,1.0
90133ae2cd594306be2dd7e8366a98a9.11d4b317ca534ddd89c9215bcd4d6f65,1.0
0a29a293ae7f43e6a5678bfe2a6274ad.1832fedc34164eac86b05df9e0b24af4,1.0
cc0f327c8e504e4a9c5aaff0c0652d71.696aedaa6dfa47fda2516d7f5e3c1981,1.0
0a29a293ae7f43e6a5678bfe2a6274ad.a30242527c754f62bbdf856422adf5ee,1.0
0a29a293ae7f43e6a5678bfe2a6274ad.35862c275ae04df7bd0074ef22d88f4d,1.0
1a7d6dc174ad45469048cbd580c67e36.f0c0423073714318822bf39aec81debd,1.0
0a29a293ae7f43e6a5678bfe2a6274ad.5beb911723e64b79b36e2e48094ef011,1.0
e0e337cb216f4737aaab72d03b2bcfc2.5f3db34ef1af4254a265b0979f1dec92,1.0
0a29a293ae7f43e6a5678bfe2a6274ad.dbf22b3293a743fe93689ab3413ced25,1.0
c44ee1d61c294b4e857d27b94c3942e5.dd8574b9d6ae4a3bb54efe01fc562759,1.0
86141c6c1ca0424199a2b99139be183b.dd8574b9d6ae4a3bb54efe01fc562759,1.0
0a29a293ae7f43e6a5678bfe2a6274ad.440d455576a246eb84e949f9be101d5f,1.0
0a29a293ae7f43e6a5678bfe2a6274ad.d48c8004d3244a6683d03a38ded367df,1.0
0a29a293ae7f43e6a5678bfe2a6274ad.2c1a8845a6234ec7bcd7740b21f4b41b,1.0
0a29a293ae7f43e6a5678bfe2a6274ad.733ee0ed046548b59ea054c2cc4b04dd,1.0
0a29a293ae7f43e6a5678bfe2a6274ad.81c85815df914a86b57aea49f055d717,1.0
0a29a293ae7f43e6a5678bfe2a6274ad.bdb20fb0d17848cab00ff0065fc6ba2f,1.0
0a29a293ae7f43e6a5678bfe2a6274ad.c55a9f18ccba4506993edcb3571b0ffe,1.0
0a29a293ae7f43e6a5678bfe2a6274ad.daf2b03a3f544bd79e85570c4d36b63d,1.0
0a29a293ae7f43e6a5678bfe2a6274ad.8a974acbd9214311be3506c0b0956316,1.0
423d8562e18e4da8b8bc44a817e759c2.b1c45317d0d047368029518058401d7f,1.0
0a29a293ae7f43e6a5678bfe2a6274ad.afda40a2a0e341caa4326ce5cd633430,1.0
0a29a293ae7f43e6a5678bfe2a6274ad.ef4b9173a8a94d08af5500e769cd015c,1.0
b91ccfa6aecb40e99b36fe9f0b999fd6.918be944b2724fe0ba964d662bbda581,1.0
0a29a293ae7f43e6a5678bfe2a6274ad.0b595dab0a6146c3b5ec8b340b15baf6,1.0
cc0f327c8e504e4a9c5aaff0c0652d71.f82b459e584a4584aa330fa5bd4902db,1.0
506b7918bbe84430b9dd21ddf446aa32.9084f15c44f54b7082dac5994506d7c9,1.0
0a29a293ae7f43e6a5678bfe2a6274ad.f493b8dab3f8473794d153f622dc78aa,1.0
0a29a293ae7f43e6a5678bfe2a6274ad.9ee464f494d34c3cbaead6e69dd5a1b9,1.0
0a29a293ae7f43e6a5678bfe2a6274ad.5ae9b3d4f58f43109e75b5f0acf3481d,1.0
0a29a293ae7f43e6a5678bfe2a6274ad.81230db001c14d1b94d0162c58970f0e,1.0
0a29a293ae7f43e6a5678bfe2a6274ad.15f8ae1d336549b297ade9ce998a9c3d,1.0
0a29a293ae7f43e6a5678bfe2a6274ad.d6bcf088e0204e59b37eae78d86be0d0,1.0
b91ccfa6aecb40e99b36fe9f0b999fd6.e38ca98d709d48b8a62afb821c22ab14,1.0
0a29a293ae7f43e6a5678bfe2a6274ad.05ed8ea66ba3483dad1da62c01c17fb0,1.0
41f52d577cbb4fc095b1e3d0027dcab5.40f272e5a43d4bb2aa38480fee3dd5da,1.0
0a29a293ae7f43e6a5678bfe2a6274ad.1f40186eea9c4186ae332eb537b68c67,1.0
0a29a293ae7f43e6a5678bfe2a6274ad.27d103e720d6454889a4f5949cbf9efc,1.0
0a29a293ae7f43e6a5678bfe2a6274ad.c0665353b4a547c1841015001f285719,1.0
0a29a293ae7f43e6a5678bfe2a6274ad.7660a75aa34040cca699c88b7fb75924,1.0
2a27a97bf6b948f4b02f8c278335e6f4.8c3737848ebb4377b712374aec529ad6,1.0
0a29a293ae7f43e6a5678bfe2a6274ad.59e5d6fd0bb74b30bbcbc7d0c99a8fdc,1.0
90133ae2cd594306be2dd7e8366a98a9.0e87e62efd5e47f8b0c366d09cef0231,1.0
0a29a293ae7f43e6a5678bfe2a6274ad.1084fe543f844e418ebe9c7761fe03db,1.0
0a29a293ae7f43e6a5678bfe2a6274ad.d4b70dfeceb44360b1ff7dd5087c8078,1.0
0a29a293ae7f43e6a5678bfe2a6274ad.8a28892aa5f642f7b63ec8e8845c1ec2,1.0
0a29a293ae7f43e6a5678bfe2a6274ad.2627449afc5243f5a9a5c8cac5c55ff8,1.0
0af303ca12f74cffb704f28d649ecb48.053a77228b534bd59843915f38c657ed,1.0
0a29a293ae7f43e6a5678bfe2a6274ad.b65a7ba839c546b792017417364c9fba,1.0
0a29a293ae7f43e6a5678bfe2a6274ad.5d18b22293324d70821a960b7b5ffd32,1.0
0a29a293ae7f43e6a5678bfe2a6274ad.db538db2a0984c99a05d416cdf763b7a,1.0
0a29a293ae7f43e6a5678bfe2a6274ad.deae6c31ca3d458ebd23275fce8e2eb4,1.0
46484f943b9840568639b5c11cd9c082.29b15e3981e743168eaf962fbb1c9d05,1.0
0a29a293ae7f43e6a5678bfe2a6274ad.968e7d00ce1d45e88b9b19f180f401bc,1.0
a4155b0dd30c4452b9b1ede892030cac.40f272e5a43d4bb2aa38480fee3dd5da,1.0
0a29a293ae7f43e6a5678bfe2a6274ad.c686409085964dffab0a3287a157ea06,1.0
0a29a293ae7f43e6a5678bfe2a6274ad.1527e989a7ce449b873abc6ebad15c6a,1.0
12867b57696747a5bbe84751650fba14.983d36132db84fdba6b3a057133a19fa,1.0
0a29a293ae7f43e6a5678bfe2a6274ad.b41394c391674a32a2b9605e4cfd6a1c,1.0
0a29a293ae7f43e6a5678bfe2a6274ad.45221f4c777e440c86333f5219ee3b8f,1.0
0a29a293ae7f43e6a5678bfe2a6274ad.184da3270af54f20829e5df2d67bd047,1.0
90133ae2cd594306be2dd7e8366a98a9.ead1231f402c420ea23204fdc77eb23b,1.0
0a29a293ae7f43e6a5678bfe2a6274ad.709d69b472fe4620ad479ac1de58ff4a,1.0
0a29a293ae7f43e6a5678bfe2a6274ad.a93d262f2f964e829c65f783f0a8e299,1.0
0a29a293ae7f43e6a5678bfe2a6274ad.f571def17d344517942c8cda0223fdb2,1.0
0a29a293ae7f43e6a5678bfe2a6274ad.59d1b5a581af47aebf56987dc54749b5,1.0
0a29a293ae7f43e6a5678bfe2a6274ad.9f42af53a0c4461ea63781b36ce5ce87,1.0
0a29a293ae7f43e6a5678bfe2a6274ad.c6a892042b7441ad9e49a57340214efc,1.0
0a29a293ae7f43e6a5678bfe2a6274ad.0c7ac386c70d4478be57c9c60bf4b57b,1.0
0a29a293ae7f43e6a5678bfe2a6274ad.7d5f7518bcde48e88e06f2e638ac8567,1.0
0a29a293ae7f43e6a5678bfe2a6274ad.eb4def21aac1433e890d084330de9598,1.0
b91ccfa6aecb40e99b36fe9f0b999fd6.488a6472b8f5474685efa56573d96953,1.0
0a29a293ae7f43e6a5678bfe2a6274ad.25875cde197a4aa7b7e66c2c2844beff,1.0
0a29a293ae7f43e6a5678bfe2a6274ad.3dc7b272911e4415834e08f790b2c0cb,1.0
83e5b60efe91477fa5f767cdf30c4c01.b0bb8ae37438438da2cf520bc1b2e956,1.0
0a29a293ae7f43e6a5678bfe2a6274ad.cf65fee0e98d4f08ba8c1eaf8adc97f4,1.0
0a29a293ae7f43e6a5678bfe2a6274ad.f34531e68b864bcf9d72205e6891ac27,1.0
0a29a293ae7f43e6a5678bfe2a6274ad.0162035aaf57404daa903d27c5d72705,1.0
0a29a293ae7f43e6a5678bfe2a6274ad.36d5b82cc4c74c1f9d123d2a2dce4540,1.0
0a29a293ae7f43e6a5678bfe2a6274ad.9a917973bad245e2b3a311a24592230c,1.0
0a29a293ae7f43e6a5678bfe2a6274ad.f4844cd54bab4f708635066ea40b2171,1.0
7448396e800b48649223d2e4798e03e6.b33d224fd77a491aaca857aa5f8bb835,1.0
0a29a293ae7f43e6a5678bfe2a6274ad.de3c32600ca24691970856f98050076e,1.0
0a29a293ae7f43e6a5678bfe2a6274ad.e827d687a604497e8951bb807f4c2c3e,1.0
0a29a293ae7f43e6a5678bfe2a6274ad.980c057feecb40119b797b9d463398c4,1.0
0a29a293ae7f43e6a5678bfe2a6274ad.f2bc51bfa2be4fe1a6054742b2be2e31,1.0
0a29a293ae7f43e6a5678bfe2a6274ad.3324bfa62e8c4dd5b22af834a12ca3c5,1.0
0a29a293ae7f43e6a5678bfe2a6274ad.45b7040b5a3d4e7db9a5d6007d0b1712,1.0
0a29a293ae7f43e6a5678bfe2a6274ad.ada53596013b4566a7188261f0cd672e,1.0
90133ae2cd594306be2dd7e8366a98a9.277b17d17a564df89d2f077c136f1406,1.0
0a29a293ae7f43e6a5678bfe2a6274ad.9e1979bbafd14922adaa98ee7f092ab6,1.0
0a29a293ae7f43e6a5678bfe2a6274ad.08dff1fe06e54cdfbf222e31ec3eb6a4,1.0
0a29a293ae7f43e6a5678bfe2a6274ad.84390ed04ba84e72a050a44c9758ec67,1.0
7448396e800b48649223d2e4798e03e6.79cc9af84c1740a5a11d9c4ad2caf011,1.0
0a29a293ae7f43e6a5678bfe2a6274ad.dc78aea775c0416785c85d0b538c573f,1.0
d24d0dc9413b4dd290e6756f27b8a2a0.7ec612b849294db4b48b2e6e18be7da0,1.0
0a29a293ae7f43e6a5678bfe2a6274ad.f1b9c0f61cb14482aad4b344b028031b,1.0
0a29a293ae7f43e6a5678bfe2a6274ad.c72f3983636a45d482299bd2e644296c,1.0
0a29a293ae7f43e6a5678bfe2a6274ad.dafebe5e4a5944e390f6ccb4dadd2f48,1.0
0a29a293ae7f43e6a5678bfe2a6274ad.c5500789ad59422fb7fceb42b71fbf17,1.0
0a29a293ae7f43e6a5678bfe2a6274ad.041be323fa274dd397b4e72ef9cb2311,1.0
0a29a293ae7f43e6a5678bfe2a6274ad.d7446689a4954e0da3183f6f0376f5a2,1.0
0a29a293ae7f43e6a5678bfe2a6274ad.0988b25c4654437faaf27518a38513d5,1.0
558ad86b82ac47818878f0a45f0fb642.ccce1cba587c461a8f6468130245c97a,1.0
0a29a293ae7f43e6a5678bfe2a6274ad.3f859c152d4f44dab0948680dca2052b,1.0
0a29a293ae7f43e6a5678bfe2a6274ad.07939d4fde1243b1a0f86aaeec925c5c,1.0
0a29a293ae7f43e6a5678bfe2a6274ad.e2c323bede624f9ebe61cdb586a22a63,1.0
0a29a293ae7f43e6a5678bfe2a6274ad.591a459154e043b1a2da48793ce5eaa9,1.0
7448396e800b48649223d2e4798e03e6.a1417e55b78e4220b517aac040367944,1.0
0a29a293ae7f43e6a5678bfe2a6274ad.b2a00ad8e3c04338adaa96498b0223c1,1.0
0a29a293ae7f43e6a5678bfe2a6274ad.e2330a8751b4468ca5a8eb6229ecd5dc,1.0
0a29a293ae7f43e6a5678bfe2a6274ad.8d6ce0c2ca29416183613202d3ffac12,1.0
0a29a293ae7f43e6a5678bfe2a6274ad.0c0a22bc01214baf9d4fd7fe3a4ec330,1.0
0a29a293ae7f43e6a5678bfe2a6274ad.5bc9433eae824777aa32c58148698b30,1.0
0a29a293ae7f43e6a5678bfe2a6274ad.88f0044a74974e07b0fdf7f09779e289,1.0
0a29a293ae7f43e6a5678bfe2a6274ad.a66ab4164dda4ee88da5dc241e489e0f,1.0
90133ae2cd594306be2dd7e8366a98a9.2c2010a302644080a5bd25b9af12bd5c,1.0
0a29a293ae7f43e6a5678bfe2a6274ad.754c0490cd7247bc9685afb481ff78bb,1.0
0a29a293ae7f43e6a5678bfe2a6274ad.979886ea7ac44431a741fe8418dc25a5,1.0
0a29a293ae7f43e6a5678bfe2a6274ad.774d051f49f448db99f781580b55a9a2,1.0
0a29a293ae7f43e6a5678bfe2a6274ad.310a61ca479a47c79a8c03d9517bc12d,1.0
0a29a293ae7f43e6a5678bfe2a6274ad.5d21912c090c4f0da1537637b923ee05,1.0
0a29a293ae7f43e6a5678bfe2a6274ad.c1f1f29606c64e9e93a0f358645a7238,1.0
0a29a293ae7f43e6a5678bfe2a6274ad.08105fa1932b4af6b04e2b9f63afe51b,1.0
2a27a97bf6b948f4b02f8c278335e6f4.476c9d2ecb4047549677501806741403,1.0
0a29a293ae7f43e6a5678bfe2a6274ad.146837e991f24f71bac00b52599d77e2,1.0
0af303ca12f74cffb704f28d649ecb48.672118b7badd47809d25d3aeebf40eba,1.0
0a29a293ae7f43e6a5678bfe2a6274ad.1eb4504deb884e6d9f0b263fd0d74a8a,1.0
0a29a293ae7f43e6a5678bfe2a6274ad.c6e7688f9137414d9ed9bfcf1a23aa20,1.0
0a29a293ae7f43e6a5678bfe2a6274ad.9507006300894f54a4b49d9a265635d4,1.0
0a29a293ae7f43e6a5678bfe2a6274ad.ba9511f3b14d444ab2d7a22a6ddd5d3b,1.0
0a29a293ae7f43e6a5678bfe2a6274ad.92f609708f884eb8824ab7bec3c09b46,1.0
0a29a293ae7f43e6a5678bfe2a6274ad.50c083c5713d496fa3023db0753b8832,1.0
d24d0dc9413b4dd290e6756f27b8a2a0.bf8d679057c9494ca14cd72691f1961d,1.0
0a29a293ae7f43e6a5678bfe2a6274ad.c18be024c39a440b9d15e7c67d78b766,1.0
0a29a293ae7f43e6a5678bfe2a6274ad.08c895f2379b415589480f9bad589cc2,1.0
0a29a293ae7f43e6a5678bfe2a6274ad.3c1ad5e5b1a2493faa1b323f2d78d158,1.0
0a29a293ae7f43e6a5678bfe2a6274ad.eed1439c6f954e24bb452846f23b086c,1.0
0a29a293ae7f43e6a5678bfe2a6274ad.f32a19397ef64912b05258538522f856,1.0
0a29a293ae7f43e6a5678bfe2a6274ad.4f95d442d90e44a18b966dc68a0890ad,1.0
0a29a293ae7f43e6a5678bfe2a6274ad.939b4832bace40018c54c5c1e433e9f9,1.0
0a29a293ae7f43e6a5678bfe2a6274ad.24b936035139451f89aa7ca00f2d41c8,1.0
b0ee407dad4248bf90947f496fac7732.14658ef941514945a28f16b8670cd7a2,1.0
0a29a293ae7f43e6a5678bfe2a6274ad.fce87f114064473da72bb713693b7dde,1.0
0a29a293ae7f43e6a5678bfe2a6274ad.466bcec3ca544299ac5f95d9f51f4ba7,1.0
0a29a293ae7f43e6a5678bfe2a6274ad.909532effe6d499ca91944dc5db911a8,1.0
15673e2d9ef5406f9b18eae317e89913.b0afdeea94de47eba5abfa7e371af5b2,1.0
cc0f327c8e504e4a9c5aaff0c0652d71.682ced4d60cb4dd299bc955fb99d102d,1.0
0a29a293ae7f43e6a5678bfe2a6274ad.cb0475aa04104f459e2c71530132cb1d,2.0
0af303ca12f74cffb704f28d649ecb48.4f86cd7d2a304b559a26f2c6d311eb8d,2.0
0a29a293ae7f43e6a5678bfe2a6274ad.7119382d7cb343749a2c02dae4dd84a3,2.0
0a29a293ae7f43e6a5678bfe2a6274ad.b487d06f06dc474e83a6170a14a97921,2.0
0a29a293ae7f43e6a5678bfe2a6274ad.d311e8614e9d4f068b92f03abc2efe9d,2.0
0a29a293ae7f43e6a5678bfe2a6274ad.e2727e4214124b56a1ed589e5035cdb2,2.0
0a29a293ae7f43e6a5678bfe2a6274ad.673dd2c547c74f60a38c2b2be5709c9c,2.0
0a29a293ae7f43e6a5678bfe2a6274ad.a7c4a0b2567c458b8c2dff2aa8a71019,2.0
7448396e800b48649223d2e4798e03e6.8f72c1272dbb495f9552b7c329242b3a,2.0
0a29a293ae7f43e6a5678bfe2a6274ad.0257a46b9cda4f6fb401b377e187ee8e,2.0
0a29a293ae7f43e6a5678bfe2a6274ad.90ee4399c6574e5bac0ab3a7b6f612d1,2.0
0a29a293ae7f43e6a5678bfe2a6274ad.d924088a6ec449108cd1b14aeb4e061d,2.0
4ad89a85e6df4c68b5895450f7bd2686.f56946f999c64be7a771def512024c69,2.0
0a29a293ae7f43e6a5678bfe2a6274ad.eae5c462f05b4de6930d0db69005cadd,2.0
7448396e800b48649223d2e4798e03e6.135a1ecd7db5490ea60a74ff1bafb3c9,2.0
423b36c01e15449889aefcb350fc9293.c55cb60ba93542e38b4286fd80dfcaf8,2.0
4ad89a85e6df4c68b5895450f7bd2686.87ccde2725cb4679ba84ec57d0a237bd,2.0
0a29a293ae7f43e6a5678bfe2a6274ad.d55e4f2f0863458682a897c2a4adf771,2.0
0a29a293ae7f43e6a5678bfe2a6274ad.3f3e66ac74cc483ba2f2f2e16ffda158,2.0
fe0b5dfab9db4a25b6deddff43e379a0.cf8fb074a4a14cedb95bef768cf30903,2.0
7448396e800b48649223d2e4798e03e6.5d9ff1c377e44135831ec397d9785c9e,2.0
0a29a293ae7f43e6a5678bfe2a6274ad.59f719e89e304a2d95d63e4f56f08bb4,2.0
0a29a293ae7f43e6a5678bfe2a6274ad.fb57f9015b2d40f485e7bcc563e90346,2.0
0a29a293ae7f43e6a5678bfe2a6274ad.4c6ad1b161904aa89ec0598272ff0ef9,2.0
0a29a293ae7f43e6a5678bfe2a6274ad.706883d48adb4b8cbb96e8d3d1776750,2.0
90133ae2cd594306be2dd7e8366a98a9.56d510e943ef49379b92f0955e252831,2.0
0a29a293ae7f43e6a5678bfe2a6274ad.50b8ed5a139d40a88320c95682bcba33,2.0
90133ae2cd594306be2dd7e8366a98a9.a7c4a0b2567c458b8c2dff2aa8a71019,2.0
0a29a293ae7f43e6a5678bfe2a6274ad.b0012cc1b03e404f9d316c3a2fd5976f,2.0
0a29a293ae7f43e6a5678bfe2a6274ad.7ded07c590404c92a5db86cd95cb3bbc,2.0
558ad86b82ac47818878f0a45f0fb642.b984c29d8737405e93939cc5017fdf1c,2.0
0dd6fef1d1284f8f90eb482354f6ed97.a0d839e55d81408f9681e7b2ac0aedf5,3.0
0a29a293ae7f43e6a5678bfe2a6274ad.e9520cd0d8b24912a5312ef7570985e5,3.0
0af303ca12f74cffb704f28d649ecb48.bab8169d277d457ab3536d32db54ec87,3.0
0a29a293ae7f43e6a5678bfe2a6274ad.9227edaddf87487fbda5555f197f9e5e,3.0
0a29a293ae7f43e6a5678bfe2a6274ad.ee154ead56c945b782629a6075ea9cbc,3.0
0a29a293ae7f43e6a5678bfe2a6274ad.e88c13f9a9404c54976d786a78368676,3.0
0a29a293ae7f43e6a5678bfe2a6274ad.87234e6544f5484690352aaffee170f4,3.0
0a29a293ae7f43e6a5678bfe2a6274ad.c74bcf7fef81422b85e8b61a30ed2c8c,3.0
0a29a293ae7f43e6a5678bfe2a6274ad.3fd517c128a6445192ad92e7a55e0697,3.0
0a29a293ae7f43e6a5678bfe2a6274ad.6d5b0f52d10a4958bd13f1fd52338bf6,3.0
0a29a293ae7f43e6a5678bfe2a6274ad.97aa9a01321b4c1982a0bff7f194cc0a,3.0
0a29a293ae7f43e6a5678bfe2a6274ad.818fb11a7f22456ab8257de914967b4a,3.0
0a29a293ae7f43e6a5678bfe2a6274ad.50380fbadc48491cb2716f43e2100ed0,3.0
0a29a293ae7f43e6a5678bfe2a6274ad.09ee4db06ae7403abe3fd1e30d303ed7,3.0
f2a0d8446e714e19aa12a11e4d527880.7d9e56b153d94fd9a2df62239f0230fa,3.0
0a29a293ae7f43e6a5678bfe2a6274ad.a1e2edd725f346a3bbbe5750217e3555,3.0
0a29a293ae7f43e6a5678bfe2a6274ad.8caccca0029f4b7a88ac75b8123cd861,3.0
0a29a293ae7f43e6a5678bfe2a6274ad.a8517d0ed9ab4895a97cebe9c15cd874,3.0
0a29a293ae7f43e6a5678bfe2a6274ad.d08ad2add4ce4dbf9a86d60ff8a3a399,3.0
90133ae2cd594306be2dd7e8366a98a9.973c0dcae701415285685f3abc269bbf,3.0
0a29a293ae7f43e6a5678bfe2a6274ad.7098ada76f32409593d6a6244c426612,3.0
0a29a293ae7f43e6a5678bfe2a6274ad.4dc022a8225b41978da06b292f3873fb,3.0
f2a0d8446e714e19aa12a11e4d527880.762f45cd8def4e79af01e0f61bec14c9,3.0
0a29a293ae7f43e6a5678bfe2a6274ad.c3f433df965c41ea8940365eadfe21a9,3.0
0a29a293ae7f43e6a5678bfe2a6274ad.3ab872b905fe4fc6b3673edb490aedb7,3.0
0a29a293ae7f43e6a5678bfe2a6274ad.818fb55f0c004dc38c4753c35f9b20b9,3.0
1a7d6dc174ad45469048cbd580c67e36.d69f7ecac124428193ff3d9e182df3f4,3.0
0a29a293ae7f43e6a5678bfe2a6274ad.cf56c7a4c16e480da14e39abd8abd17a,3.0
0a29a293ae7f43e6a5678bfe2a6274ad.80bca621dbe049fd97cca0d569557bfb,3.0
0a29a293ae7f43e6a5678bfe2a6274ad.6872b806c8ee4457883c200ad656f6e1,3.0
0a29a293ae7f43e6a5678bfe2a6274ad.a04983c15ba145b5a5dee618a599f29f,3.0
0a29a293ae7f43e6a5678bfe2a6274ad.76c9da2f66824d7797bd97a6cd014a24,3.0
0a29a293ae7f43e6a5678bfe2a6274ad.250d1c38a3fc4b7f86abd49336b6a902,3.0
0a29a293ae7f43e6a5678bfe2a6274ad.e2f4a537b5c148caa42bdbbc69f23690,3.0
0a29a293ae7f43e6a5678bfe2a6274ad.d8c83ba15e4a463daf2b8bc6f0ff1024,3.0
0a29a293ae7f43e6a5678bfe2a6274ad.232af75e83e74625b049386841851ec7,3.0
0a29a293ae7f43e6a5678bfe2a6274ad.bab67bcd3c3e439a9bc6ca6cc1aac1f6,3.0
0a29a293ae7f43e6a5678bfe2a6274ad.29f6779bea924af7ad0b79ff876e3d94,3.0
0a29a293ae7f43e6a5678bfe2a6274ad.94ad5f70f5b84adeb4700924705a1811,3.0
0a29a293ae7f43e6a5678bfe2a6274ad.6d475c422b8f475a97c48560fe9d0478,3.0
506b7918bbe84430b9dd21ddf446aa32.d69f7ecac124428193ff3d9e182df3f4,3.0
0a29a293ae7f43e6a5678bfe2a6274ad.d005a9b8a7d2423ea9d229a0be642dfe,3.0
0a29a293ae7f43e6a5678bfe2a6274ad.6257e06b696a4a569d189bd947cb0639,3.0
0a29a293ae7f43e6a5678bfe2a6274ad.f79f1e1be3684ce4a0eb75c15cd84a0a,3.0
0a29a293ae7f43e6a5678bfe2a6274ad.7dddbf7469b8490ea535e5faee1127db,3.0
0a29a293ae7f43e6a5678bfe2a6274ad.8b58cfa1299d4e24a78109f4e0cf27bc,3.0
0a29a293ae7f43e6a5678bfe2a6274ad.cd09bb0b36ec4f8f97cd4f28e77782c5,3.0
0a29a293ae7f43e6a5678bfe2a6274ad.4cab78dccdd049ed8a1b58177c1af053,3.0
0a29a293ae7f43e6a5678bfe2a6274ad.406e9c765ba24a58a19542eeb6c9ba30,3.0
0a29a293ae7f43e6a5678bfe2a6274ad.4852d7b12faf42e0a873c044a57acdac,3.0
4ad89a85e6df4c68b5895450f7bd2686.8373293a860e4948a16041e83981c1af,3.0
0a29a293ae7f43e6a5678bfe2a6274ad.2857d417d773480f8c37fca7cb972a3e,3.0
7448396e800b48649223d2e4798e03e6.7d9e56b153d94fd9a2df62239f0230fa,3.0
0a29a293ae7f43e6a5678bfe2a6274ad.556b9ee3f88e420fac937baa1cc2f98b,3.0
0a29a293ae7f43e6a5678bfe2a6274ad.9297155448064c0cba0a37da780c687f,3.0
0a29a293ae7f43e6a5678bfe2a6274ad.673489e2cfd6444499badc0f712442ee,3.0
0a29a293ae7f43e6a5678bfe2a6274ad.6b41c1b9839f4666ac5df0ee43882563,3.0
0a29a293ae7f43e6a5678bfe2a6274ad.7ba923e744534f6ba6a8cd6333fbe852,3.0
0a29a293ae7f43e6a5678bfe2a6274ad.32baaa469c7f4bb78733e513cea2d1b1,3.0
0a29a293ae7f43e6a5678bfe2a6274ad.767620685f8040b9b9ea294563a1b799,3.0
0a29a293ae7f43e6a5678bfe2a6274ad.c69ed6acded9439585fd8514808742a1,3.0
0a29a293ae7f43e6a5678bfe2a6274ad.853e7a736e2e4ace9f7ced9effb1e101,3.0
0a29a293ae7f43e6a5678bfe2a6274ad.4dcc75df888c4da592784bf6e79fde4b,3.0
0a29a293ae7f43e6a5678bfe2a6274ad.1bb5c35d34c44a039532dea5fd1c5e56,3.0
0a29a293ae7f43e6a5678bfe2a6274ad.98c1bfe67f1441dab9f5b51c44107aba,3.0
0a29a293ae7f43e6a5678bfe2a6274ad.adcc97a50ccf4c7a8b0330ab2abf95ee,3.0
0a29a293ae7f43e6a5678bfe2a6274ad.02640eadfc604aa6976442bc7c95591b,3.0
0a29a293ae7f43e6a5678bfe2a6274ad.3ff045d5216246c5927af244dbd34ea8,3.0
0a29a293ae7f43e6a5678bfe2a6274ad.ea298c4ebd434cebb8ae7043eab2153f,3.0
0a29a293ae7f43e6a5678bfe2a6274ad.f3ff08fa56f64b74b5d98eb46006b127,3.0
0a29a293ae7f43e6a5678bfe2a6274ad.edfa22d7245b485784b68fbf8b78fab3,3.0
0a29a293ae7f43e6a5678bfe2a6274ad.29a3ddea188b4e73963757aad07183f3,3.0
0a29a293ae7f43e6a5678bfe2a6274ad.a7cd1f8cc3784f5c8a9ddd1c1fa1d20c,3.0
0a29a293ae7f43e6a5678bfe2a6274ad.4f79619d0fa544b1ab822f203f3270c9,3.0
0a29a293ae7f43e6a5678bfe2a6274ad.5b6e24234b0a4c12b70d1e7a0431e2a8,3.0
0a29a293ae7f43e6a5678bfe2a6274ad.49cbc0de5e174037af8ce841401c511b,3.0
0a29a293ae7f43e6a5678bfe2a6274ad.a89172fc7171471aa2ee246052343e09,3.0
0a29a293ae7f43e6a5678bfe2a6274ad.d6d9f0f7aabf4955b29c814adc4248dc,3.0
0a29a293ae7f43e6a5678bfe2a6274ad.45d1f20a78a04f8db6263f0662220eb0,3.0
0a29a293ae7f43e6a5678bfe2a6274ad.ac0ac2317cc74bd894f34761979de043,3.0
0a29a293ae7f43e6a5678bfe2a6274ad.3e91c2815b4a4884869eef159899b541,3.0
0a29a293ae7f43e6a5678bfe2a6274ad.da940decc550491095b74eb8f6e1f114,3.0
da489fae8b0e4b97bcc05a002a69b0d7.040583e933ac455eb01a68bcbc09121b,3.0
0a29a293ae7f43e6a5678bfe2a6274ad.2b4ef167d68e477586e0f6022ae5b600,3.0
0a29a293ae7f43e6a5678bfe2a6274ad.3de1790286ea4e4ca4d4287626e3de97,3.0
0a29a293ae7f43e6a5678bfe2a6274ad.5de10e878859434b9527f1cea1c3ab21,3.0
0a29a293ae7f43e6a5678bfe2a6274ad.831445fcefc9448fa9ecfb5c63cf19bf,3.0
0a29a293ae7f43e6a5678bfe2a6274ad.336675b82a454b658b2ff177551693be,3.0
0a29a293ae7f43e6a5678bfe2a6274ad.64e87f1ad34a4cd693f405a7bf5aadf9,3.0
0a29a293ae7f43e6a5678bfe2a6274ad.28b34f709e1342cc9506ad792ef7b9db,3.0
423d8562e18e4da8b8bc44a817e759c2.3ad1afe6c9b749f390af9eaf05cf8408,3.0
0a29a293ae7f43e6a5678bfe2a6274ad.7c68d19721ee4b1ab2945fa8685daa36,3.0
0a29a293ae7f43e6a5678bfe2a6274ad.21ce0b58ce4b433387a84916f2b0eb9d,3.0
0a29a293ae7f43e6a5678bfe2a6274ad.9b6d7a3138e649c1b22875604b5d98ec,3.0
0a29a293ae7f43e6a5678bfe2a6274ad.ba6f5c270ede458f86c3df0a3756f3b0,3.0
0a29a293ae7f43e6a5678bfe2a6274ad.c461f4125c954b798c1a389d689a012e,3.0
0a29a293ae7f43e6a5678bfe2a6274ad.f2a840c4493346c78384163801616d1a,3.0
0a29a293ae7f43e6a5678bfe2a6274ad.a78607511a6147c2bcedb4e0bd42236f,3.0
0a29a293ae7f43e6a5678bfe2a6274ad.bda70661d96a41d69f7ba4e1a2947f34,3.0
0a29a293ae7f43e6a5678bfe2a6274ad.5bbe37ff1c2646edbb94ba292ee574b7,3.0
0a29a293ae7f43e6a5678bfe2a6274ad.de09507483854aae8a4628066de6ca30,3.0
1a7d6dc174ad45469048cbd580c67e36.e405404ca2b241258dd49560e1fea607,3.0
0a29a293ae7f43e6a5678bfe2a6274ad.85ca3838e9e944a3b725923655f54241,3.0
0a29a293ae7f43e6a5678bfe2a6274ad.b195d909f2184b7dbf503dbe2042d5a9,3.0
0a29a293ae7f43e6a5678bfe2a6274ad.84e1fe9d3b8f4fbe9e81f5a2b500450d,3.0
0a29a293ae7f43e6a5678bfe2a6274ad.3d69db5d0d50458b91b58d783bef11e2,3.0
0a29a293ae7f43e6a5678bfe2a6274ad.a89f45786bb24256a1e9530216fd8972,3.0
0a29a293ae7f43e6a5678bfe2a6274ad.5715aca64f264584910d283d9e2586ee,3.0
0a29a293ae7f43e6a5678bfe2a6274ad.c11f723bc9f74784b8ec8658da5eb72f,3.0
0a29a293ae7f43e6a5678bfe2a6274ad.50b1c896c8224ba7bfb7b8d192bf16a3,3.0
423d8562e18e4da8b8bc44a817e759c2.011b4946c8d94922a81cc307874e03df,3.0
0a29a293ae7f43e6a5678bfe2a6274ad.fea5436266be4cf4a743684337b0c7e9,3.0
0a29a293ae7f43e6a5678bfe2a6274ad.75db0af6195f4f45b3cca2b11f031c05,3.0
0a29a293ae7f43e6a5678bfe2a6274ad.5927eeaf8e9c4083ad79a36416e970bc,3.0
0a29a293ae7f43e6a5678bfe2a6274ad.f12acce1cabb4e9f809e404f3a4e126b,3.0
0a29a293ae7f43e6a5678bfe2a6274ad.d53fbace00f64357b8e0ccae8e165035,3.0
0a29a293ae7f43e6a5678bfe2a6274ad.b09f223c3f2a4391a0e1f3a90a2e0385,3.0
0a29a293ae7f43e6a5678bfe2a6274ad.6f48cdb81eca43ee9e8b6ec1870b6379,3.0
0a29a293ae7f43e6a5678bfe2a6274ad.c4b43f2a1fb743d7bb5f52834b988588,3.0
0a29a293ae7f43e6a5678bfe2a6274ad.b14b69a5096b4bfd97e7b7b56a43c326,3.0
0a29a293ae7f43e6a5678bfe2a6274ad.a720725686aa470fafd7e81733c5c5f9,3.0
0a29a293ae7f43e6a5678bfe2a6274ad.8ec0960f9d23479385f11d224d7cf647,3.0
83e5b60efe91477fa5f767cdf30c4c01.07192a412da441ec92e9cd5cbb111ee3,3.0
23c23190cd4a4226a647a2f53b6ae45d.909ead5213d945da99c9ae4a085f67b8,3.0
0a29a293ae7f43e6a5678bfe2a6274ad.212cd5e0834642249830b481fe3ac8a2,3.0
0a29a293ae7f43e6a5678bfe2a6274ad.5854f9940ec54ddfb073b9691b4ad952,3.0
0a29a293ae7f43e6a5678bfe2a6274ad.0e06c61b532c4ec0b4dd931ee766101f,3.0
0a29a293ae7f43e6a5678bfe2a6274ad.98c6bdfe31b54d5e9876da398e73c9e4,3.0
0a29a293ae7f43e6a5678bfe2a6274ad.0d6e2214bbc94b4099ecf10344d50cc8,3.0
0a29a293ae7f43e6a5678bfe2a6274ad.4b7b700d870043ba8c8684252376b2f7,3.0
0a29a293ae7f43e6a5678bfe2a6274ad.40aa5dbe94a6401fb58503484e9ea712,3.0
0a29a293ae7f43e6a5678bfe2a6274ad.490dc1023d5443fc9a9e965271ae6b8c,3.0
0a29a293ae7f43e6a5678bfe2a6274ad.2b961f92d4d340488f0b275b692a3ba5,3.0
0a29a293ae7f43e6a5678bfe2a6274ad.57a836ebf8c44baa834cd807aeb5d1dd,3.0
0a29a293ae7f43e6a5678bfe2a6274ad.456eb95fef80450da8ccb2dbdce3ceb0,3.0
0a29a293ae7f43e6a5678bfe2a6274ad.1f7b5bfdf3df438fbd885c8a780d4a8a,3.0
0a29a293ae7f43e6a5678bfe2a6274ad.dde23dede7cd470ca07b6253676de769,3.0
0a29a293ae7f43e6a5678bfe2a6274ad.bdb95a078f0d484394cf806e464159f6,3.0
0a29a293ae7f43e6a5678bfe2a6274ad.51879b99f19d472bad328beb878bdfed,3.0
0a29a293ae7f43e6a5678bfe2a6274ad.401aad9012e24d879ef601c5b1cf6642,3.0
506b7918bbe84430b9dd21ddf446aa32.07192a412da441ec92e9cd5cbb111ee3,3.0
0a29a293ae7f43e6a5678bfe2a6274ad.24547918992b4159a6d08006c6a297e6,3.0
0a29a293ae7f43e6a5678bfe2a6274ad.0ea73457a75641e7a8fc9cda5460ee73,3.0
0a29a293ae7f43e6a5678bfe2a6274ad.8a2d2b6d513f488d9f0e49b62ae90dec,3.0
0a29a293ae7f43e6a5678bfe2a6274ad.c61e835da75a42d5b891dc35b762c435,3.0
0a29a293ae7f43e6a5678bfe2a6274ad.81af7423dc9d430c8a54a53bffabe131,3.0
0a29a293ae7f43e6a5678bfe2a6274ad.bb44880e00894385a76b281fc1f87846,3.0
0a29a293ae7f43e6a5678bfe2a6274ad.c277501b27514308b7168fd5f8548595,3.0
0a29a293ae7f43e6a5678bfe2a6274ad.b0660db1130940869f3a29e0c6c093bc,3.0
0a29a293ae7f43e6a5678bfe2a6274ad.c413a6b096364bd788043f63e4073050,3.0
0a29a293ae7f43e6a5678bfe2a6274ad.0b1340678afc49c2ac12d67aa29f0c48,3.0
0a29a293ae7f43e6a5678bfe2a6274ad.006ac0d4793b476b8c1ce3f8b72d554c,4.0
0a29a293ae7f43e6a5678bfe2a6274ad.c9fe3dd5d3f84bdb92b134e46ce26d96,4.0
0a29a293ae7f43e6a5678bfe2a6274ad.3ebc28f400654498b0f606c93f432ace,4.0
0a29a293ae7f43e6a5678bfe2a6274ad.b7c5013cb8a44da1af543d695de5c791,4.0
0a29a293ae7f43e6a5678bfe2a6274ad.cd3ccd0bda00499aae336adb1670d2ab,4.0
0a29a293ae7f43e6a5678bfe2a6274ad.4e4b890127324fcc83bca954bf371c23,4.0
0a29a293ae7f43e6a5678bfe2a6274ad.23ab4ba00068482cb0877ceee0f37f7a,4.0
0a29a293ae7f43e6a5678bfe2a6274ad.13575a71a6b4404896c366392e698da4,4.0
0a29a293ae7f43e6a5678bfe2a6274ad.07192a412da441ec92e9cd5cbb111ee3,4.0
4ad89a85e6df4c68b5895450f7bd2686.b1d83bfae9f14fd5ac55100e70e894a7,5.0
0a29a293ae7f43e6a5678bfe2a6274ad.46e52119ebda468884c95f45b97e5f7a,5.0
7448396e800b48649223d2e4798e03e6.88da1d6b97d846f7be22b8aa86ba2048,5.0
0a29a293ae7f43e6a5678bfe2a6274ad.8e237bc408e14796b50dec211544cf95,6.0
0a29a293ae7f43e6a5678bfe2a6274ad.3e7d3abd379c4fe19ce2b3b1acead582,7.0
558ad86b82ac47818878f0a45f0fb642.1b3484fa780b4d86a5432d3c3315f3ad,7.0
7448396e800b48649223d2e4798e03e6.884ad1afdd844fd4b7f87af88ffba034,7.0
0a29a293ae7f43e6a5678bfe2a6274ad.c07f89a619bd4a1f8e1d00235692d45c,7.0
12867b57696747a5bbe84751650fba14.ec8ab3b7a12d4726b50e73ab3200b66c,9.0
0a29a293ae7f43e6a5678bfe2a6274ad.3f65698ab0094876a0d89e40c50c4360,9.0
0a29a293ae7f43e6a5678bfe2a6274ad.07ac1f86ded349b4a01c47e25b5ad482,9.0
0a29a293ae7f43e6a5678bfe2a6274ad.45bf22f7b75c45e58aa40f53c03eea13,10.0
